mu,accel,airTimeS,jumpDelayMs,speed30,gainPerCycle,verdict,over2p5
2,5,0.4,16.7,3.4167,0.080556,推荐,True
2,10,0.4,16.7,5.8333,0.161111,偏快,True
2,15,0.4,16.7,8.2500,0.241667,偏快,True
2,20,0.4,16.7,10.6667,0.322222,过快,True
4,5,0.4,16.7,3.4167,0.080556,推荐,True
4,10,0.4,16.7,5.8333,0.161111,偏快,True
4,15,0.4,16.7,8.2500,0.241667,偏快,True
4,20,0.4,16.7,10.6667,0.322222,过快,True
6,5,0.4,16.7,3.4167,0.080556,推荐,True
6,10,0.4,16.7,5.8333,0.161111,偏快,True
6,15,0.4,16.7,8.2500,0.241667,偏快,True
6,20,0.4,16.7,10.6667,0.322222,过快,True
8,5,0.4,16.7,3.4167,0.080556,推荐,True
8,10,0.4,16.7,5.8333,0.161111,偏快,True
8,15,0.4,16.7,8.2500,0.241667,偏快,True
8,20,0.4,16.7,10.6667,0.322222,过快,True
12,5,0.4,16.7,3.4167,0.080556,推荐,True
12,10,0.4,16.7,5.8333,0.161111,偏快,True
12,15,0.4,16.7,8.2500,0.241667,偏快,True
12,20,0.4,16.7,10.6667,0.322222,过快,True
2,5,0.7,16.7,3.4167,0.080556,推荐,True
2,10,0.7,16.7,5.8333,0.161111,偏快,True
2,15,0.7,16.7,8.2500,0.241667,偏快,True
2,20,0.7,16.7,10.6667,0.322222,过快,True
4,5,0.7,16.7,3.4167,0.080556,推荐,True
4,10,0.7,16.7,5.8333,0.161111,偏快,True
4,15,0.7,16.7,8.2500,0.241667,偏快,True
4,20,0.7,16.7,10.6667,0.322222,过快,True
6,5,0.7,16.7,3.4167,0.080556,推荐,True
6,10,0.7,16.7,5.8333,0.161111,偏快,True
6,15,0.7,16.7,8.2500,0.241667,偏快,True
6,20,0.7,16.7,10.6667,0.322222,过快,True
8,5,0.7,16.7,3.4167,0.080556,推荐,True
8,10,0.7,16.7,5.8333,0.161111,偏快,True
8,15,0.7,16.7,8.2500,0.241667,偏快,True
8,20,0.7,16.7,10.6667,0.322222,过快,True
12,5,0.7,16.7,3.4167,0.080556,推荐,True
12,10,0.7,16.7,5.8333,0.161111,偏快,True
12,15,0.7,16.7,8.2500,0.241667,偏快,True
12,20,0.7,16.7,10.6667,0.322222,过快,True
2,5,1,16.7,3.4167,0.080556,推荐,True
2,10,1,16.7,5.8333,0.161111,偏快,True
2,15,1,16.7,8.2500,0.241667,偏快,True
2,20,1,16.7,10.6667,0.322222,过快,True
4,5,1,16.7,3.4167,0.080556,推荐,True
4,10,1,16.7,5.8333,0.161111,偏快,True
4,15,1,16.7,8.2500,0.241667,偏快,True
4,20,1,16.7,10.6667,0.322222,过快,True
6,5,1,16.7,3.4167,0.080556,推荐,True
6,10,1,16.7,5.8333,0.161111,偏快,True
6,15,1,16.7,8.2500,0.241667,偏快,True
6,20,1,16.7,10.6667,0.322222,过快,True
8,5,1,16.7,3.4167,0.080556,推荐,True
8,10,1,16.7,5.8333,0.161111,偏快,True
8,15,1,16.7,8.2500,0.241667,偏快,True
8,20,1,16.7,10.6667,0.322222,过快,True
12,5,1,16.7,3.4167,0.080556,推荐,True
12,10,1,16.7,5.8333,0.161111,偏快,True
12,15,1,16.7,8.2500,0.241667,偏快,True
12,20,1,16.7,10.6667,0.322222,过快,True
2,5,0.7,250,8.9041,0.263469,过快,True
2,10,0.7,250,17.7558,0.558525,过快,True
2,15,0.7,250,26.6074,0.853581,过快,True
2,20,0.7,250,35.4591,1.148638,过快,True
4,5,0.7,250,4.3404,0.111346,推荐,True
4,10,0.7,250,8.6783,0.255942,过快,True
4,15,0.7,250,13.0162,0.400539,过快,True
4,20,0.7,250,17.3541,0.545136,过快,True
6,5,0.7,250,2.6899,0.056329,推荐,True
6,10,0.7,250,5.3796,0.145987,推荐,True
6,15,0.7,250,8.0694,0.235646,偏快,True
6,20,0.7,250,10.7591,0.325304,过快,True
8,5,0.7,250,1.8650,0.028834,停滞,False
8,10,0.7,250,3.7300,0.091001,推荐,True
8,15,0.7,250,5.5951,0.153169,偏快,True
8,20,0.7,250,7.4601,0.215336,偏快,True
12,5,0.7,250,1.0492,0.001639,停滞,False
12,10,0.7,250,2.0984,0.036612,停滞,False
12,15,0.7,250,3.1475,0.071585,推荐,True
12,20,0.7,250,4.1967,0.106557,推荐,True
