模块,英文字段,中文名称,数值,单位,功能与调参影响,数值来源类型
地面移动与 bhop,GroundSpeedThreshold,地面奔跑目标速度／高速阈值,10,m/s,冲刺时加速目标，也参与滑铲门槛、能量累计和动画混合；不是全局速度上限,当前值
地面移动与 bhop,WalkSpeed,步行目标速度,3,m/s,非冲刺地面移动目标；也是速度相机反馈起点。非冲刺且有方向输入的地面起跳会把水平速度设为该值,当前值
地面移动与 bhop,RunAccel,地面加速系数,10,1/s,每步加速量为系数×目标速度×dt；越大起步越快,当前值
地面移动与 bhop,GroundFriction,地面摩擦系数,2,1/s,"免摩擦窗口外，每步水平速度乘 max(0,1−系数×dt)；越大掉速越快",当前值
地面移动与 bhop,GroundStopSpeed,地面停止阈值,0.05,m/s,摩擦结算后低于此速度直接归零，避免极低速持续漂移,当前值
地面移动与 bhop,FrictionExemptWindow,落地免摩擦窗口,0.2,s,落地后暂不施加地面摩擦；WindowPump 模式同时允许窗口内继续加速,当前值
地面移动与 bhop,Pump,连跳加速模式,1 = WindowPump,枚举,0=VerbatimQuake：加速受方向投影目标约束；1=WindowPump：免摩擦窗口内跳过该约束，可继续攒速，仍受 MaxSpeed 限制,当前值
地面移动与 bhop,MaxSpeed,水平速度上限,120,m/s,水平速度统一钳制上限；不限制垂直下落速度,当前值
空中、跳跃与朝向,Gravity,重力加速度,20,m/s²,常规竖直下落加速度；越大滞空越短,当前值
空中、跳跃与朝向,JumpSpeed,地面起跳竖直速度,8,m/s,普通起跳速度；连续模型估算高度 v²/(2g)=1.6m，实际受离散积分与碰撞影响,当前值
空中、跳跃与朝向,AirControl,空中加速系数,0,1/s,控制空中额外加速；0 不代表禁用空中转向，朝向和平面速度方向还有独立逻辑,当前值
空中、跳跃与朝向,JumpBufferWindow,跳跃输入缓存窗口,0.12,未缩放秒,提前按下跳跃后允许稍晚触发的时间，提高落地／接墙跳跃容错,当前值
空中、跳跃与朝向,FacingSmoothTime,角色转向平滑时间,0.12,s,普通输入转向的 SmoothDampAngle 时间；越小转向越敏捷，滑墙和蹬墙锁定优先,当前值
滑铲,SlideSpeedRatio,滑铲入场速度比例,0.8,比例,入场要求水平速度≥GroundSpeedThreshold×此值；当前门槛为 8m/s，且必须在地面,当前值
滑铲,SlideDecel,滑铲减速度,4,m/s²,滑铲期间线性降低水平速度；越大滑行距离越短,当前值
滑铲,SlideEndSpeed,滑铲结束速度,2,m/s,低于此值尝试站起；松开滑铲或跳跃也会尝试站起，头顶阻挡会阻止恢复站姿,当前值
滑铲,SlideCapsuleHeight,滑铲碰撞胶囊高度,1,m,进入滑铲时降低碰撞高度；最终不能低于胶囊直径,当前值
滑墙与蹬墙,WallMaxApproachAngle,最大入墙夹角,45,°,水平速度相对墙面切线的夹角；越小越要求擦墙进入。代码要求角度加 0.01° 后仍小于上限，正撞不入滑墙,当前值
滑墙与蹬墙,WallNormalMaxUpDot,墙面法线竖直分量上限,0.3,0～1,abs(normal.y) 不超过此值才视为墙；越大越允许倾斜墙面,当前值
滑墙与蹬墙,WallGraceTime,入墙保速保护时间,1,s,窗口内免墙面摩擦、免新增重力，保留原竖直速度；窗口内蹬墙可获得额外水平加速，连续换墙不刷新窗口,当前值
滑墙与蹬墙,WallFriction,墙面摩擦系数,1,1/s,保护结束后沿墙速度乘 exp(−系数×dt)；越大沿墙掉速越快,当前值
滑墙与蹬墙,WallStopSpeed,沿墙停止阈值,0.01,m/s,沿墙速度不高于此值归零，并退出滑墙,当前值
滑墙与蹬墙,WallGravityScale,滑墙重力倍率,0.6,倍率,保护结束后的重力为 Gravity×此值；当前 12m/s²,当前值
滑墙与蹬墙,WallMaxFallSpeed,滑墙最大下落速度,1,m/s,保护结束后竖直速度不低于 −此值；越小下滑越慢,当前值
滑墙与蹬墙,WallJumpBoost,窗口内蹬墙水平增速,10,m/s,仅在 WallGraceTime 尚未结束时增加沿墙速度，再受 MaxSpeed 限制,当前值
滑墙与蹬墙,WallJumpAngle,蹬墙向外偏转角,9.3,°,从沿墙切线向墙外法线偏转；越小越沿墙，90° 为垂直离墙；不是竖直起跳角,当前值
滑墙与蹬墙,WallJumpUpImpulse,蹬墙竖直起跳速度,8,m/s,蹬墙时直接设置竖直速度，虽名为 Impulse，实际不是刚体冲量,当前值
滑墙与蹬墙,WallJumpCooldown,蹬墙后保护间隔,0.2,s,参与同墙重新解锁及速度方向保护；不是单独保证“计时一到即可再次蹬同墙”的开关,当前值
滑墙与蹬墙,WallJumpFacingLockTime,蹬墙后角色朝向锁定时间,0.9,s,蹬墙后普通移动输入暂不改变角色朝向；与滑墙状态内的持续锁定不同,当前值
滑墙与蹬墙,WallRearmDistance,同墙重新激活距离,0.17,m,离开旧墙达到该距离、探测不到旧墙且冷却结束后，解除同墙重复触发限制和离墙保护,当前值
滑墙与蹬墙,WallProbeDistance,贴墙探测距离,0.08,m,检测是否仍靠近原墙；实际探测还计入 CharacterController.skinWidth,当前值
滑墙与蹬墙,WallContactGraceTime,墙接触丢失宽限,0.08,s,暂时探测不到墙时允许维持滑墙，降低接缝抖动；明显离墙仍会提前退出,当前值
滑墙与蹬墙,WallSeamAngle,同向墙面／接缝角度容差,15,°,用于墙法线匹配与区分转角；更大的差异进入换墙判断，能否继续还看入墙角,当前值
高速碰撞胶囊,CapsuleShrinkStartSpeed,胶囊开始缩小速度,10,m/s,低于此速度使用基础胶囊尺寸,当前值
高速碰撞胶囊,CapsuleShrinkEndSpeed,胶囊完成缩小速度,25,m/s,达到此速度使用高速尺寸；两个速度之间线性插值,当前值
高速碰撞胶囊,CapsuleBaseRadius,基础胶囊半径,0.3793888,m,低速碰撞半径；越大越容易与侧面障碍接触,当前值
高速碰撞胶囊,CapsuleMinRadius,高速胶囊半径,0.15,m,高速时更容易穿过窄缝；会影响分段移动次数,当前值
高速碰撞胶囊,CapsuleBaseHeight,基础胶囊高度,1.7,m,低速站立高度，恢复站姿也以此尺寸检测空间,当前值
高速碰撞胶囊,CapsuleFastHeight,高速胶囊高度,1.7,m,当前与基础高度相同，因此高速只缩半径、不缩高度,当前值
高速碰撞胶囊,CollisionMask,移动辅助检测层,Everything（4294967295）,LayerMask,筛选墙面接触、贴墙探测、恢复胶囊的空间检测；不等于关闭 CharacterController 本身的物理碰撞,当前值
高速碰撞胶囊,MoveSegmentRadiusRatio,单次移动分段长度比例,0.50018,比例,"分段参考长度=max(0.01,胶囊半径×比例)；越小检测更细、Move 调用更多",当前值
高速碰撞胶囊,MaxMoveSegments,每 tick 最大移动分段数,128,次,限制高速移动的分段开销；到上限后不能继续靠增加分段细化碰撞,当前值
当前实际使用的能量累计,EnergyMax,移动能量上限,200,能量,限制 PlayerMotor.Energy；HUD 当前读取此账户,当前值
当前实际使用的能量累计,EnergyPerSecondPerExcessSpeed,每单位超速每秒产能系数,60,能量／秒／(m/s),"每步增加 max(0,水平速度−GroundSpeedThreshold)×此值×玩家 dt",当前值
EnergyParams：已定义但尚未接入当前玩家流程,MaxEnergy,矢量能量上限,200,,VectorEnergy 独立账户上限，不控制 PlayerMotor.Energy,资产保存值
EnergyParams：已定义但尚未接入当前玩家流程,EnergyPerTickPerExcessSpeed,归一化超速产能系数,1,,"VectorEnergy 使用 max(0,速度/地速阈值−1)×系数×tickRatio；tickRatio 为 PlayerDeltaTime/fixedDeltaTime；当前未自动调用",资产保存值
EnergyParams：已定义但尚未接入当前玩家流程,AccelerateCost,加速技能耗能,50,,预留给右键+W 的加速技能，未找到实现消费者,资产保存值
EnergyParams：已定义但尚未接入当前玩家流程,HighJumpCost,高跳技能耗能,20,,预留给右键+空格的高跳技能，未找到实现消费者,资产保存值
EnergyParams：已定义但尚未接入当前玩家流程,ReverseCost,折返技能耗能,50,,预留给 S+右键的反向技能，未找到实现消费者,资产保存值
EnergyParams：已定义但尚未接入当前玩家流程,TimeStopCostPerTick,时停每 tick 耗能,1,,预留给持续时停；200÷1=200 tick，按 60Hz 约 3.33 秒，仅是参数设计值,资产保存值
EnergyParams：已定义但尚未接入当前玩家流程,TimeSlowScale,弹反时缓倍率,0.05,,预留时缓比例；不控制当前 PlayerCombat 命中减速,资产保存值
PlayerCameraRig：视角操控,_mouseSensitivity,鼠标视角灵敏度,0.15,,输入 LookDelta 到角度增量的倍率；越大转动越快,当前值
PlayerCameraRig：视角操控,_pitchLimits,俯仰角范围,"(−25,70)°",,限制相机目标的俯仰旋转,当前值
PlayerCameraRig：视角操控,_standHeight,站立观察目标高度,1.2m,,CameraTarget 相对角色脚底的高度，不是相机本体高度,当前值
PlayerCameraRig：视角操控,_slideHeight,滑铲观察目标高度,0.6m,,滑铲时降低观察目标,当前值
PlayerCameraRig：视角操控,_heightResponse,高度过渡响应,12,,越大站立／滑铲视角高度切换越快,当前值
PlayerCameraRig：视角操控,_lockCursor,锁定鼠标指针,true,,游戏输入启用时锁定、隐藏指针,当前值
SpeedCameraFeedback：速度反馈,_normalFov,普通视野角,60°,,低速时的 Field of View,当前值
SpeedCameraFeedback：速度反馈,_fastFov,高速视野角,85°,,满速度反馈时的视野角；越大速度拉伸感越强,当前值
SpeedCameraFeedback：速度反馈,_fullEffectSpeed,反馈达到满强度的速度,25m/s,,从 WalkSpeed=3 到此速度逐步增强；不是角色最大速度,当前值
SpeedCameraFeedback：速度反馈,_response,速度反馈响应,5,,指数平滑响应系数；越大 FOV、侧倾和特效强度跟随越快,当前值
SpeedCameraFeedback：速度反馈,_wallRoll,滑墙相机侧倾角,5°,,按墙所在左右侧决定侧倾方向；代码新建默认值为 70°，当前预制体实际是 5°,当前值
SpeedCameraFeedback：速度反馈,_chromaticIntensity,满速色差强度,0.5,,驱动 Volume 的 ChromaticAberration，需要相应 Volume 配置,当前值
SpeedCameraFeedback：速度反馈,_motionBlurIntensity,满速 URP 运动模糊强度,0.5,,驱动 Volume 的 MotionBlur，脚本指定 CameraOnly,当前值
SpeedCameraFeedback：速度反馈,_customMotionBlur,满速自定义运动模糊强度,2.5,,传给自定义 Renderer Feature，需要特效材质与渲染功能正常连接,当前值
SpeedCameraFeedback：速度反馈,_customRadial,满速径向拖影强度,0,,当前关闭该通道；增大后是否明显仍取决于渲染功能与 shader,当前值
CameraWallFade：遮挡墙体透明,_occludedAlpha,遮挡后的透明度倍率,0.2,,挡住角色时透明度变为墙材质原透明度的 20%；越小越透明,当前值
CameraWallFade：遮挡墙体透明,_fadeSpeed,透明度变化速度,8/s,,每未缩放秒变化的 alpha 值；从 1 到 0.2 约需 0.1 秒,当前值
CameraWallFade：遮挡墙体透明,_probeRadius,遮挡检测球半径,0.1m,,沿角色目标到相机做球形投射；≤0 时改用射线,当前值
CameraWallFade：遮挡墙体透明,_wallLayers,遮挡检测层,Everything,,检测哪些层；命中物还必须通过墙材质筛选,当前值
CameraWallFade：遮挡墙体透明,_target,遮挡检测起点,CameraTarget 引用,,从该目标向主相机检测；丢失引用时不执行,当前值
CameraWallFade：遮挡墙体透明,_wallMaterial,可透明的墙材质,已配置墙材质引用,,仅处理使用这个材质的 Renderer；不是所有遮挡物都会透明,当前值
Cinemachine3rdPersonFollow：机位与避障,Damping,跟随阻尼,"(0.08,0.15,0.08)",,分轴跟随延迟，越大越柔和、滞后越明显,当前值
Cinemachine3rdPersonFollow：机位与避障,ShoulderOffset,肩部偏移,"(0,0,0)m",,水平偏移会形成偏肩构图；当前无肩部偏移,当前值
Cinemachine3rdPersonFollow：机位与避障,VerticalArmLength,竖直臂长,0m,,增加目标与相机旋转支点之间的竖直偏移,当前值
Cinemachine3rdPersonFollow：机位与避障,CameraSide,左右肩侧选择,1,,在肩部偏移两侧之间选择；当前 ShoulderOffset 为 0，单改此值不会制造肩部偏移,当前值
Cinemachine3rdPersonFollow：机位与避障,CameraDistance,跟随距离,6m,,越大角色在画面中通常越小,当前值
Cinemachine3rdPersonFollow：机位与避障,CameraCollisionFilter,相机避障检测层,Nothing（0）,,**当前相机不检测障碍，不因墙体缩短跟随距离**；与角色 CollisionMask 无关,当前值
RadialRedshiftFeature：渲染功能静态配置,settings.material,特效材质,Renderer Feature 的材质引用,,承载自定义速度后处理 shader,当前保存值
RadialRedshiftFeature：渲染功能静态配置,settings.falloffPower,径向衰减指数,1.5,,控制径向效果随离屏幕中心距离的变化曲线,当前保存值
RadialRedshiftFeature：渲染功能静态配置,settings.samples,采样步数,8,,增大会提高采样平滑度并增加开销；代码默认值为 10,当前保存值
RadialRedshiftFeature：渲染功能静态配置,settings.renderPassEvent,渲染注入阶段,600,,AfterRenderingPostProcessing，即后处理之后,当前保存值
当前动画、重生与流程配置,PlayerAnimation._idleSpeed,待机速度阈值,0.1m/s,,超过此速度使用移动状态，否则待机；空中、滑铲等状态优先,当前保存值
当前动画、重生与流程配置,PlayerAnimation._blendResponse,跑步混合响应,10/s,,控制 RunBlend 向目标值移动的速度,当前保存值
当前动画、重生与流程配置,PlayerAnimation._fallGrace,落空动画宽限,0.08s,,短暂丢失地面时延迟进入下落动画；主动起跳与滑墙立即走空中状态,当前保存值
当前动画、重生与流程配置,PlayerRespawn._killY,掉落重生高度,−10m,,玩家低于该世界高度时触发重生,当前保存值
当前动画、重生与流程配置,DebugHUD._visible,调试面板显示,true,,控制调试 HUD 初始可见性,当前保存值
当前动画、重生与流程配置,TimeManager.WorldScale,世界基础时间倍率,1,,TestScene 保存值；影响使用 WorldDeltaTime 的逻辑，再叠加时间效果,当前保存值
当前动画、重生与流程配置,TimeManager.PlayerScale,玩家基础时间倍率,1,,TestScene 保存值；影响玩家移动、动画等，再叠加时间效果；不控制未缩放相机时间,当前保存值
当前动画、重生与流程配置,Bootloader._fadeInDuration,启动画面淡入时间,1s,,BootScene 启动画面淡入时长,当前保存值
当前动画、重生与流程配置,Bootloader._holdDuration,启动画面停留时间,0.5s,,淡入后的停留时长,当前保存值
当前动画、重生与流程配置,Bootloader._minSplashDuration,启动画面最短时长,2s,,最早允许切换场景的等待下限,当前保存值
当前动画、重生与流程配置,Bootloader._nextSceneName,启动后目标场景,TestScene,,启动完成后进入的场景名,当前保存值
战斗相关字段词典（代码默认值）,PlayerCombat._attackDamage,单次攻击伤害,25,,Hitbox 向攻击者读取的基础伤害,代码默认值
战斗相关字段词典（代码默认值）,PlayerCombat._attackDuration,攻击状态窗口时长,1.6s,,决定攻击状态持续多久；装配工具可按动画片段重新写入；实际伤害窗口由动画事件开关 Hitbox,代码默认值
战斗相关字段词典（代码默认值）,PlayerCombat._attackCooldown,攻击启动冷却,0.35s,,两次攻击启动的最短间隔；正常输入还会等待现有攻击窗口结束,代码默认值
战斗相关字段词典（代码默认值）,PlayerCombat._hitStopSeconds,命中减速持续时间,0.2s,,字段虽叫 HitStop，实际调用 SlowMotion，使用未缩放时间,代码默认值
战斗相关字段词典（代码默认值）,PlayerCombat._hitTimeScale,命中减速倍率,0.75,,命中慢动作比例，越小越慢,代码默认值
战斗相关字段词典（代码默认值）,PlayerCombat._impactSeconds,强冲击减速请求时长,0.09s,,命中时额外请求较强 SlowMotion，最终效果受 TimeManager 合并规则影响,代码默认值
战斗相关字段词典（代码默认值）,PlayerCombat._impactTimeScale,强冲击减速倍率,0.35,,强冲击请求的时间倍率,代码默认值
战斗相关字段词典（代码默认值）,PlayerCombat._faceNearestTargetOnAttack,攻击自动朝向目标,true,,起手时转向辅助范围内最近的有效 Damageable,代码默认值
战斗相关字段词典（代码默认值）,PlayerCombat._facingAssistRadius,攻击朝向辅助半径,3.5m,,搜索目标范围，不是武器伤害距离,代码默认值
战斗相关字段词典（代码默认值）,PlayerCombat._facingAssistMask,朝向辅助检测层,Everything,,限制辅助目标检测层,代码默认值
战斗相关字段词典（代码默认值）,PlayerCombat._logHits,玩家命中日志,false,,输出命中信息,代码默认值
战斗相关字段词典（代码默认值）,PlayerHealth._maxHealth,玩家生命上限,100,,玩家生命容量,代码默认值
战斗相关字段词典（代码默认值）,PlayerHealth._invulnerableTime,玩家受击无敌时间,0.6s,,限制短时间重复受伤,代码默认值
战斗相关字段词典（代码默认值）,SwordBinder._handName,挂剑手骨名称,mixamorig:RightHand,,模型中查找的挂接骨骼名,代码默认值
战斗相关字段词典（代码默认值）,SwordBinder._localPosition,剑局部位置,"(0,0,0)",,相对手骨的位置,代码默认值
战斗相关字段词典（代码默认值）,SwordBinder._localEulerAngles,剑局部旋转,"(0,0,0)°",,相对手骨的握剑方向,代码默认值
战斗相关字段词典（代码默认值）,SwordBinder._localScale,剑局部缩放,"(1,1,1)",,剑的尺寸倍率,代码默认值
战斗相关字段词典（代码默认值）,SwordBinder._hitboxRadius,武器球形判定半径,0.9m,,创建武器判定盒时使用,代码默认值
战斗相关字段词典（代码默认值）,SwordBinder._hitboxOffset,武器判定局部偏移,"(0,0,0.45)m",,调整判定中心相对挂接位置,代码默认值
战斗相关字段词典（代码默认值）,Hitbox._campType,攻击阵营,Player,,参与敌我筛选,代码默认值
战斗相关字段词典（代码默认值）,Hitbox._knockbackStrength,击退强度倍率,1,,命中时传递的击退强度,代码默认值
战斗相关字段词典（代码默认值）,Hitbox._logHits,判定盒命中日志,false,,输出判定调试信息,代码默认值
战斗相关字段词典（代码默认值）,Enemy._attackPower,敌人攻击力,8,,敌人攻击基础伤害,代码默认值
战斗相关字段词典（代码默认值）,Enemy._moveSpeed,敌人移动速度,4m/s,,追击移动速度,代码默认值
战斗相关字段词典（代码默认值）,Enemy._gravity,敌人重力,25m/s²,,敌人竖直运动重力,代码默认值
战斗相关字段词典（代码默认值）,Enemy._chasePlayer,启用追击,false,,控制是否主动追击玩家,代码默认值
战斗相关字段词典（代码默认值）,Enemy._sightRange,敌人发现距离,14m,,感知／追击范围,代码默认值
战斗相关字段词典（代码默认值）,Enemy._attackRange,敌人攻击启动距离,2.2m,,接近到此距离触发攻击判断；实际命中仍依赖判定盒,代码默认值
战斗相关字段词典（代码默认值）,Enemy._attackCooldown,敌人攻击冷却,1.1s,,限制攻击频率,代码默认值
战斗相关字段词典（代码默认值）,Enemy._facingResponse,敌人转向响应,12,,越大转向越快,代码默认值
战斗相关字段词典（代码默认值）,Enemy._knockbackSpeed,敌人受击击退速度,6m/s,,击退运动基准速度,代码默认值
战斗相关字段词典（代码默认值）,Enemy._knockbackDecay,击退衰减系数,10,,控制击退速度消退,代码默认值
战斗相关字段词典（代码默认值）,Damageable._maxHealth,受击对象生命上限,100,,可受击对象的生命容量,代码默认值
战斗相关字段词典（代码默认值）,Damageable._damageTextColor,伤害数字颜色,"RGB(1,0.85,0.2)",,飘字颜色,代码默认值
战斗相关字段词典（代码默认值）,Damageable._hitFlashColor,受击闪色,"RGB(1,0.35,0.35)",,命中时模型反馈颜色,代码默认值
战斗相关字段词典（代码默认值）,Damageable._hitFlashDuration,受击闪色时长,0.12s,,控制闪色持续时间,代码默认值
战斗相关字段词典（代码默认值）,Damageable._shakeAmplitude,受击震屏强度,0.6,,成功受击时请求的相机震动强度,代码默认值
战斗相关字段词典（代码默认值）,Damageable._invulnerableTime,受击对象无敌时间,0.45s,,防止短时间重复扣血,代码默认值
战斗相关字段词典（代码默认值）,Damageable._numberLifetime,伤害飘字时长,1.2s,,配置伤害数字显示时间,代码默认值
战斗相关字段词典（代码默认值）,Damageable._riseSpeed,伤害飘字上升参数,2.2,,传给伤害数字表现配置,代码默认值
战斗相关字段词典（代码默认值）,Damageable._popupPoolSize,飘字对象池数量,3,,预备复用的伤害数字对象数量,代码默认值
战斗相关字段词典（代码默认值）,DamagePopup._lifetime,飘字生命周期,1.2s,,飘字组件自身默认值，可被调用者配置覆盖,代码默认值
战斗相关字段词典（代码默认值）,DamagePopup._rise,飘字上升参数,2.2,,控制文字上移表现，可被调用者覆盖,代码默认值
战斗相关字段词典（代码默认值）,DamagePopup._lateralDrift,飘字横向漂移,0.35,,控制文字侧向漂移,代码默认值
战斗相关字段词典（代码默认值）,AttackVFXManager._slashLifetime,刀光存活时间,0.28s,,控制攻击特效持续时间,代码默认值
战斗相关字段词典（代码默认值）,AttackVFXManager._slashRadius,刀光半径,1.9m,,视觉刀光尺寸，不会直接改变伤害范围,代码默认值
战斗相关字段词典（代码默认值）,AttackVFXManager._slashHeight,刀光高度,1.1m,,视觉刀光高度位置参数,代码默认值
战斗相关字段词典（代码默认值）,AttackVFXManager._slashColor,刀光颜色,"RGBA(0.75,0.92,1,0.85)",,攻击特效颜色与透明度,代码默认值
战斗相关字段词典（代码默认值）,AttackVFXManager._logPlayback,特效播放日志,false,,调试动画事件与特效调用,代码默认值
战斗相关字段词典（代码默认值）,AttackAnimationEventReceiver._logEvents,动画事件日志,false,,调试动画事件转发,代码默认值
战斗相关字段词典（代码默认值）,CameraShaker._defaultAmplitude,默认震屏强度,0.6,,未指定强度时的相机冲击基准值,代码默认值
