tick,speed,energy,phase
19,1.000000,0.000000,Air
20,1.000000,0.000000,Air
21,1.000000,0.000000,Air
22,1.000000,0.000000,Air
23,1.000000,0.000000,Air
24,1.000000,0.000000,Air
25,1.000000,0.000000,Air
26,1.000000,0.000000,Air
27,1.000000,0.000000,Air
28,1.000000,0.000000,Air
29,1.000000,0.000000,Air
30,1.000000,0.000000,Air
31,1.000000,0.000000,Air
32,1.000000,0.000000,Air
33,1.000000,0.000000,Air
34,1.000000,0.000000,Air
35,1.000000,0.000000,Air
36,1.000000,0.000000,Air
37,1.000000,0.000000,Air
38,1.000000,0.000000,Air
39,1.000000,0.000000,Air
40,1.000000,0.000000,Air
41,1.000000,0.000000,Air
42,1.000000,0.000000,Air
43,1.000000,0.000000,Air
44,1.000000,0.000000,Air
45,1.000000,0.000000,Air
46,1.000000,0.000000,Air
47,1.000000,0.000000,Air
48,1.000000,0.000000,Air
49,1.000000,0.000000,Air
50,1.000000,0.000000,Air
51,1.000000,0.000000,Air
52,1.000000,0.000000,Air
53,1.000000,0.000000,Air
54,1.000000,0.000000,Air
55,1.000000,0.000000,Air
56,1.000000,0.000000,Air
57,1.000000,0.000000,Air
58,1.000000,0.000000,Air
59,1.000000,0.000000,Air
60,1.000000,0.000000,Air
61,1.000000,0.000000,Air
62,1.000000,0.000000,Ground
63,1.166667,0.002778,Ground
64,1.166667,0.005556,Air
65,1.166667,0.008333,Air
66,1.166667,0.011111,Air
67,1.166667,0.013889,Air
68,1.166667,0.016667,Air
69,1.166667,0.019444,Air
70,1.166667,0.022222,Air
71,1.166667,0.025000,Air
72,1.166667,0.027778,Air
73,1.166667,0.030556,Air
74,1.166667,0.033333,Air
75,1.166667,0.036111,Air
76,1.166667,0.038889,Air
77,1.166667,0.041667,Air
78,1.166667,0.044444,Air
79,1.166667,0.047222,Air
80,1.166667,0.050000,Air
81,1.166667,0.052778,Air
82,1.166667,0.055556,Air
83,1.166667,0.058333,Air
84,1.166667,0.061111,Air
85,1.166667,0.063889,Air
86,1.166667,0.066667,Air
87,1.166667,0.069444,Air
88,1.166667,0.072222,Air
89,1.166667,0.075000,Air
90,1.166667,0.077778,Air
91,1.166667,0.080556,Air
92,1.166667,0.083333,Air
93,1.166667,0.086111,Air
94,1.166667,0.088889,Air
95,1.166667,0.091667,Air
96,1.166667,0.094444,Air
97,1.166667,0.097222,Air
98,1.166667,0.100000,Air
99,1.166667,0.102778,Air
100,1.166667,0.105556,Air
101,1.166667,0.108333,Air
102,1.166667,0.111111,Air
103,1.166667,0.113889,Air
104,1.166667,0.116667,Air
105,1.166667,0.119444,Air
106,1.166667,0.122222,Air
107,1.166667,0.125000,Ground
108,1.333333,0.130556,Ground
109,1.333333,0.136111,Air
110,1.333333,0.141667,Air
111,1.333333,0.147222,Air
112,1.333333,0.152778,Air
113,1.333333,0.158333,Air
114,1.333333,0.163889,Air
115,1.333333,0.169444,Air
116,1.333333,0.175000,Air
117,1.333333,0.180556,Air
118,1.333333,0.186111,Air
119,1.333333,0.191667,Air
120,1.333333,0.197222,Air
121,1.333333,0.202778,Air
122,1.333333,0.208333,Air
123,1.333333,0.213889,Air
124,1.333333,0.219444,Air
125,1.333333,0.225000,Air
126,1.333333,0.230556,Air
127,1.333333,0.236111,Air
128,1.333333,0.241667,Air
129,1.333333,0.247222,Air
130,1.333333,0.252778,Air
131,1.333333,0.258333,Air
132,1.333333,0.263889,Air
133,1.333333,0.269444,Air
134,1.333333,0.275000,Air
135,1.333333,0.280556,Air
136,1.333333,0.286111,Air
137,1.333333,0.291667,Air
138,1.333333,0.297222,Air
139,1.333333,0.302778,Air
140,1.333333,0.308333,Air
141,1.333333,0.313889,Air
142,1.333333,0.319444,Air
143,1.333333,0.325000,Air
144,1.333333,0.330556,Air
145,1.333333,0.336111,Air
146,1.333333,0.341667,Air
147,1.333333,0.347222,Air
148,1.333333,0.352778,Air
149,1.333333,0.358333,Air
150,1.333333,0.363889,Air
151,1.333333,0.369444,Air
152,1.333333,0.375000,Ground
153,1.500000,0.383333,Ground
154,1.500000,0.391667,Air
155,1.500000,0.400000,Air
156,1.500000,0.408333,Air
157,1.500000,0.416667,Air
158,1.500000,0.425000,Air
159,1.500000,0.433333,Air
160,1.500000,0.441667,Air
161,1.500000,0.450000,Air
162,1.500000,0.458333,Air
163,1.500000,0.466667,Air
164,1.500000,0.475000,Air
165,1.500000,0.483333,Air
166,1.500000,0.491667,Air
167,1.500000,0.500000,Air
168,1.500000,0.508333,Air
169,1.500000,0.516667,Air
170,1.500000,0.525000,Air
171,1.500000,0.533333,Air
172,1.500000,0.541667,Air
173,1.500000,0.550000,Air
174,1.500000,0.558333,Air
175,1.500000,0.566667,Air
176,1.500000,0.575000,Air
177,1.500000,0.583333,Air
178,1.500000,0.591667,Air
179,1.500000,0.600000,Air
180,1.500000,0.608333,Air
181,1.500000,0.616667,Air
182,1.500000,0.625000,Air
183,1.500000,0.633333,Air
184,1.500000,0.641667,Air
185,1.500000,0.650000,Air
186,1.500000,0.658333,Air
187,1.500000,0.666667,Air
188,1.500000,0.675000,Air
189,1.500000,0.683333,Air
190,1.500000,0.691667,Air
191,1.500000,0.700000,Air
192,1.500000,0.708333,Air
193,1.500000,0.716667,Air
194,1.500000,0.725000,Air
195,1.500000,0.733333,Air
196,1.500000,0.741667,Air
197,1.500000,0.750000,Ground
198,1.666667,0.761111,Ground
199,1.666667,0.772222,Air
200,1.666667,0.783333,Air
201,1.666667,0.794444,Air
202,1.666667,0.805556,Air
203,1.666667,0.816667,Air
204,1.666667,0.827778,Air
205,1.666667,0.838889,Air
206,1.666667,0.850000,Air
207,1.666667,0.861111,Air
208,1.666667,0.872222,Air
209,1.666667,0.883333,Air
210,1.666667,0.894444,Air
211,1.666667,0.905556,Air
212,1.666667,0.916667,Air
213,1.666667,0.927778,Air
214,1.666667,0.938889,Air
215,1.666667,0.950000,Air
216,1.666667,0.961111,Air
217,1.666667,0.972222,Air
218,1.666667,0.983333,Air
219,1.666667,0.994444,Air
220,1.666667,1.005556,Air
221,1.666667,1.016667,Air
222,1.666667,1.027778,Air
223,1.666667,1.038889,Air
224,1.666667,1.050000,Air
225,1.666667,1.061111,Air
226,1.666667,1.072222,Air
227,1.666667,1.083333,Air
228,1.666667,1.094444,Air
229,1.666667,1.105556,Air
230,1.666667,1.116667,Air
231,1.666667,1.127778,Air
232,1.666667,1.138889,Air
233,1.666667,1.150000,Air
234,1.666667,1.161111,Air
235,1.666667,1.172222,Air
236,1.666667,1.183333,Air
237,1.666667,1.194444,Air
238,1.666667,1.205556,Air
239,1.666667,1.216667,Air
240,1.666667,1.227778,Air
241,1.666667,1.238889,Air
242,1.666667,1.250000,Ground
243,1.833333,1.263889,Ground
244,1.833333,1.277778,Air
245,1.833333,1.291667,Air
246,1.833333,1.305556,Air
247,1.833333,1.319444,Air
248,1.833333,1.333333,Air
249,1.833333,1.347222,Air
250,1.833333,1.361111,Air
251,1.833333,1.375000,Air
252,1.833333,1.388889,Air
253,1.833333,1.402778,Air
254,1.833333,1.416667,Air
255,1.833333,1.430556,Air
256,1.833333,1.444444,Air
257,1.833333,1.458333,Air
258,1.833333,1.472222,Air
259,1.833333,1.486111,Air
260,1.833333,1.500000,Air
261,1.833333,1.513889,Air
262,1.833333,1.527778,Air
263,1.833333,1.541667,Air
264,1.833333,1.555556,Air
265,1.833333,1.569444,Air
266,1.833333,1.583333,Air
267,1.833333,1.597222,Air
268,1.833333,1.611111,Air
269,1.833333,1.625000,Air
270,1.833333,1.638889,Air
271,1.833333,1.652778,Air
272,1.833333,1.666667,Air
273,1.833333,1.680556,Air
274,1.833333,1.694444,Air
275,1.833333,1.708333,Air
276,1.833333,1.722222,Air
277,1.833333,1.736111,Air
278,1.833333,1.750000,Air
279,1.833333,1.763889,Air
280,1.833333,1.777778,Air
281,1.833333,1.791667,Air
282,1.833333,1.805556,Air
283,1.833333,1.819444,Air
284,1.833333,1.833333,Air
285,1.833333,1.847222,Air
286,1.833333,1.861111,Air
287,1.833333,1.875000,Ground
288,2.000000,1.891667,Ground
289,2.000000,1.908333,Air
290,2.000000,1.925000,Air
291,2.000000,1.941667,Air
292,2.000000,1.958333,Air
293,2.000000,1.975000,Air
294,2.000000,1.991667,Air
295,2.000000,2.008333,Air
296,2.000000,2.025000,Air
297,2.000000,2.041667,Air
298,2.000000,2.058333,Air
299,2.000000,2.075000,Air
300,2.000000,2.091667,Air
301,2.000000,2.108333,Air
302,2.000000,2.125000,Air
303,2.000000,2.141667,Air
304,2.000000,2.158333,Air
305,2.000000,2.175000,Air
306,2.000000,2.191667,Air
307,2.000000,2.208333,Air
308,2.000000,2.225000,Air
309,2.000000,2.241667,Air
310,2.000000,2.258333,Air
311,2.000000,2.275000,Air
312,2.000000,2.291667,Air
313,2.000000,2.308333,Air
314,2.000000,2.325000,Air
315,2.000000,2.341667,Air
316,2.000000,2.358333,Air
317,2.000000,2.375000,Air
318,2.000000,2.391667,Air
319,2.000000,2.408333,Air
320,2.000000,2.425000,Air
321,2.000000,2.441667,Air
322,2.000000,2.458333,Air
323,2.000000,2.475000,Air
324,2.000000,2.491667,Air
325,2.000000,2.508333,Air
326,2.000000,2.525000,Air
327,2.000000,2.541667,Air
328,2.000000,2.558333,Air
329,2.000000,2.575000,Air
330,2.000000,2.591667,Air
331,2.000000,2.608333,Air
332,2.000000,2.625000,Ground
333,2.166667,2.644444,Ground
334,2.166667,2.663889,Air
335,2.166667,2.683333,Air
336,2.166667,2.702778,Air
337,2.166667,2.722222,Air
338,2.166667,2.741667,Air
339,2.166667,2.761111,Air
340,2.166667,2.780556,Air
341,2.166667,2.800000,Air
342,2.166667,2.819444,Air
343,2.166667,2.838889,Air
344,2.166667,2.858333,Air
345,2.166667,2.877778,Air
346,2.166667,2.897222,Air
347,2.166667,2.916667,Air
348,2.166667,2.936111,Air
349,2.166667,2.955556,Air
350,2.166667,2.975000,Air
351,2.166667,2.994444,Air
352,2.166667,3.013889,Air
353,2.166667,3.033333,Air
354,2.166667,3.052778,Air
355,2.166667,3.072222,Air
356,2.166667,3.091667,Air
357,2.166667,3.111111,Air
358,2.166667,3.130556,Air
359,2.166667,3.150000,Air
360,2.166667,3.169444,Air
361,2.166667,3.188889,Air
362,2.166667,3.208333,Air
363,2.166667,3.227778,Air
364,2.166667,3.247222,Air
365,2.166667,3.266667,Air
366,2.166667,3.286111,Air
367,2.166667,3.305556,Air
368,2.166667,3.325000,Air
369,2.166667,3.344444,Air
370,2.166667,3.363889,Air
371,2.166667,3.383333,Air
372,2.166667,3.402778,Air
373,2.166667,3.422222,Air
374,2.166667,3.441667,Air
375,2.166667,3.461111,Air
376,2.166667,3.480556,Air
377,2.166667,3.500000,Ground
378,2.333333,3.522222,Ground
379,2.333333,3.544444,Air
380,2.333333,3.566667,Air
381,2.333333,3.588889,Air
382,2.333333,3.611111,Air
383,2.333333,3.633333,Air
384,2.333333,3.655556,Air
385,2.333333,3.677778,Air
386,2.333333,3.700000,Air
387,2.333333,3.722222,Air
388,2.333333,3.744444,Air
389,2.333333,3.766667,Air
390,2.333333,3.788889,Air
391,2.333333,3.811111,Air
392,2.333333,3.833333,Air
393,2.333333,3.855556,Air
394,2.333333,3.877778,Air
395,2.333333,3.900000,Air
396,2.333333,3.922222,Air
397,2.333333,3.944444,Air
398,2.333333,3.966667,Air
399,2.333333,3.988889,Air
400,2.333333,4.011111,Air
401,2.333333,4.033333,Air
402,2.333333,4.055556,Air
403,2.333333,4.077778,Air
404,2.333333,4.100000,Air
405,2.333333,4.122222,Air
406,2.333333,4.144444,Air
407,2.333333,4.166667,Air
408,2.333333,4.188889,Air
409,2.333333,4.211111,Air
410,2.333333,4.233333,Air
411,2.333333,4.255556,Air
412,2.333333,4.277778,Air
413,2.333333,4.300000,Air
414,2.333333,4.322222,Air
415,2.333333,4.344444,Air
416,2.333333,4.366667,Air
417,2.333333,4.388889,Air
418,2.333333,4.411111,Air
419,2.333333,4.433333,Air
420,2.333333,4.455556,Air
421,2.333333,4.477778,Air
422,2.333333,4.500000,Ground
423,2.500000,4.525000,Ground
424,2.500000,4.550000,Air
425,2.500000,4.575000,Air
426,2.500000,4.600000,Air
427,2.500000,4.625000,Air
428,2.500000,4.650000,Air
429,2.500000,4.675000,Air
430,2.500000,4.700000,Air
431,2.500000,4.725000,Air
432,2.500000,4.750000,Air
433,2.500000,4.775000,Air
434,2.500000,4.800000,Air
435,2.500000,4.825000,Air
436,2.500000,4.850000,Air
437,2.500000,4.875000,Air
438,2.500000,4.900000,Air
439,2.500000,4.925000,Air
440,2.500000,4.950000,Air
441,2.500000,4.975000,Air
442,2.500000,5.000000,Air
443,2.500000,5.025000,Air
444,2.500000,5.050000,Air
445,2.500000,5.075000,Air
446,2.500000,5.100000,Air
447,2.500000,5.125000,Air
448,2.500000,5.150000,Air
449,2.500000,5.175000,Air
450,2.500000,5.200000,Air
451,2.500000,5.225000,Air
452,2.500000,5.250000,Air
453,2.500000,5.275000,Air
454,2.500000,5.300000,Air
455,2.500000,5.325000,Air
456,2.500000,5.350000,Air
457,2.500000,5.375000,Air
458,2.500000,5.400000,Air
459,2.500000,5.425000,Air
460,2.500000,5.450000,Air
461,2.500000,5.475000,Air
462,2.500000,5.500000,Air
463,2.500000,5.525000,Air
464,2.500000,5.550000,Air
465,2.500000,5.575000,Air
466,2.500000,5.600000,Air
467,2.500000,5.625000,Ground
468,2.666667,5.652778,Ground
469,2.666667,5.680556,Air
470,2.666667,5.708333,Air
471,2.666667,5.736111,Air
472,2.666667,5.763889,Air
473,2.666667,5.791667,Air
474,2.666667,5.819444,Air
475,2.666667,5.847222,Air
476,2.666667,5.875000,Air
477,2.666667,5.902778,Air
478,2.666667,5.930556,Air
479,2.666667,5.958333,Air
480,2.666667,5.986111,Air
481,2.666667,6.013889,Air
482,2.666667,6.041667,Air
483,2.666667,6.069444,Air
484,2.666667,6.097222,Air
485,2.666667,6.125000,Air
486,2.666667,6.152778,Air
487,2.666667,6.180556,Air
488,2.666667,6.208333,Air
489,2.666667,6.236111,Air
490,2.666667,6.263889,Air
491,2.666667,6.291667,Air
492,2.666667,6.319444,Air
493,2.666667,6.347222,Air
494,2.666667,6.375000,Air
495,2.666667,6.402778,Air
496,2.666667,6.430556,Air
497,2.666667,6.458333,Air
498,2.666667,6.486111,Air
499,2.666667,6.513889,Air
500,2.666667,6.541667,Air
501,2.666667,6.569444,Air
502,2.666667,6.597222,Air
503,2.666667,6.625000,Air
504,2.666667,6.652778,Air
505,2.666667,6.680556,Air
506,2.666667,6.708333,Air
507,2.666667,6.736111,Air
508,2.666667,6.763889,Air
509,2.666667,6.791667,Air
510,2.666667,6.819444,Air
511,2.666667,6.847222,Air
512,2.666667,6.875000,Ground
513,2.833333,6.905556,Ground
514,2.833333,6.936111,Air
515,2.833333,6.966667,Air
516,2.833333,6.997222,Air
517,2.833333,7.027778,Air
518,2.833333,7.058333,Air
519,2.833333,7.088889,Air
520,2.833333,7.119444,Air
521,2.833333,7.150000,Air
522,2.833333,7.180556,Air
523,2.833333,7.211111,Air
524,2.833333,7.241667,Air
525,2.833333,7.272222,Air
526,2.833333,7.302778,Air
527,2.833333,7.333333,Air
528,2.833333,7.363889,Air
529,2.833333,7.394444,Air
530,2.833333,7.425000,Air
531,2.833333,7.455556,Air
532,2.833333,7.486111,Air
533,2.833333,7.516667,Air
534,2.833333,7.547222,Air
535,2.833333,7.577778,Air
536,2.833333,7.608333,Air
537,2.833333,7.638889,Air
538,2.833333,7.669444,Air
539,2.833333,7.700000,Air
540,2.833333,7.730556,Air
541,2.833333,7.761111,Air
542,2.833333,7.791667,Air
543,2.833333,7.822222,Air
544,2.833333,7.852778,Air
545,2.833333,7.883333,Air
546,2.833333,7.913889,Air
547,2.833333,7.944444,Air
548,2.833333,7.975000,Air
549,2.833333,8.005556,Air
550,2.833333,8.036111,Air
551,2.833333,8.066667,Air
552,2.833333,8.097222,Air
553,2.833333,8.127778,Air
554,2.833333,8.158333,Air
555,2.833333,8.188889,Air
556,2.833333,8.219444,Air
557,2.833333,8.250000,Ground
558,3.000000,8.283333,Ground
559,3.000000,8.316667,Air
560,3.000000,8.350000,Air
561,3.000000,8.383333,Air
562,3.000000,8.416667,Air
563,3.000000,8.450000,Air
564,3.000000,8.483333,Air
565,3.000000,8.516667,Air
566,3.000000,8.550000,Air
567,3.000000,8.583333,Air
568,3.000000,8.616667,Air
569,3.000000,8.650000,Air
570,3.000000,8.683333,Air
571,3.000000,8.716667,Air
572,3.000000,8.750000,Air
573,3.000000,8.783333,Air
574,3.000000,8.816667,Air
575,3.000000,8.850000,Air
576,3.000000,8.883333,Air
577,3.000000,8.916667,Air
578,3.000000,8.950000,Air
579,3.000000,8.983333,Air
580,3.000000,9.016667,Air
581,3.000000,9.050000,Air
582,3.000000,9.083333,Air
583,3.000000,9.116667,Air
584,3.000000,9.150000,Air
585,3.000000,9.183333,Air
586,3.000000,9.216667,Air
587,3.000000,9.250000,Air
588,3.000000,9.283333,Air
589,3.000000,9.316667,Air
590,3.000000,9.350000,Air
591,3.000000,9.383333,Air
592,3.000000,9.416667,Air
593,3.000000,9.450000,Air
594,3.000000,9.483333,Air
595,3.000000,9.516667,Air
596,3.000000,9.550000,Air
597,3.000000,9.583333,Air
598,3.000000,9.616667,Air
599,3.000000,9.650000,Air
600,3.000000,9.683333,Air
601,3.000000,9.716667,Air
602,3.000000,9.750000,Ground
603,3.166667,9.786111,Ground
604,3.166667,9.822222,Air
605,3.166667,9.858333,Air
606,3.166667,9.894444,Air
607,3.166667,9.930556,Air
608,3.166667,9.966667,Air
609,3.166667,10.002778,Air
610,3.166667,10.038889,Air
611,3.166667,10.075000,Air
612,3.166667,10.111111,Air
613,3.166667,10.147222,Air
614,3.166667,10.183333,Air
615,3.166667,10.219444,Air
616,3.166667,10.255556,Air
617,3.166667,10.291667,Air
618,3.166667,10.327778,Air
619,3.166667,10.363889,Air
620,3.166667,10.400000,Air
621,3.166667,10.436111,Air
622,3.166667,10.472222,Air
623,3.166667,10.508333,Air
624,3.166667,10.544444,Air
625,3.166667,10.580556,Air
626,3.166667,10.616667,Air
627,3.166667,10.652778,Air
628,3.166667,10.688889,Air
629,3.166667,10.725000,Air
630,3.166667,10.761111,Air
631,3.166667,10.797222,Air
632,3.166667,10.833333,Air
633,3.166667,10.869444,Air
634,3.166667,10.905556,Air
635,3.166667,10.941667,Air
636,3.166667,10.977778,Air
637,3.166667,11.013889,Air
638,3.166667,11.050000,Air
639,3.166667,11.086111,Air
640,3.166667,11.122222,Air
641,3.166667,11.158333,Air
642,3.166667,11.194444,Air
643,3.166667,11.230556,Air
644,3.166667,11.266667,Air
645,3.166667,11.302778,Air
646,3.166667,11.338889,Air
647,3.166667,11.375000,Ground
648,3.333333,11.413889,Ground
649,3.333333,11.452778,Air
650,3.333333,11.491667,Air
651,3.333333,11.530556,Air
652,3.333333,11.569444,Air
653,3.333333,11.608333,Air
654,3.333333,11.647222,Air
655,3.333333,11.686111,Air
656,3.333333,11.725000,Air
657,3.333333,11.763889,Air
658,3.333333,11.802778,Air
659,3.333333,11.841667,Air
660,3.333333,11.880556,Air
661,3.333333,11.919444,Air
662,3.333333,11.958333,Air
663,3.333333,11.997222,Air
664,3.333333,12.036111,Air
665,3.333333,12.075000,Air
666,3.333333,12.113889,Air
667,3.333333,12.152778,Air
668,3.333333,12.191667,Air
669,3.333333,12.230556,Air
670,3.333333,12.269444,Air
671,3.333333,12.308333,Air
672,3.333333,12.347222,Air
673,3.333333,12.386111,Air
674,3.333333,12.425000,Air
675,3.333333,12.463889,Air
676,3.333333,12.502778,Air
677,3.333333,12.541667,Air
678,3.333333,12.580556,Air
679,3.333333,12.619444,Air
680,3.333333,12.658333,Air
681,3.333333,12.697222,Air
682,3.333333,12.736111,Air
683,3.333333,12.775000,Air
684,3.333333,12.813889,Air
685,3.333333,12.852778,Air
686,3.333333,12.891667,Air
687,3.333333,12.930556,Air
688,3.333333,12.969444,Air
689,3.333333,13.008333,Air
690,3.333333,13.047222,Air
691,3.333333,13.086111,Air
692,3.333333,13.125000,Ground
693,3.500000,13.166667,Ground
694,3.500000,13.208333,Air
695,3.500000,13.250000,Air
696,3.500000,13.291667,Air
697,3.500000,13.333333,Air
698,3.500000,13.375000,Air
699,3.500000,13.416667,Air
700,3.500000,13.458333,Air
701,3.500000,13.500000,Air
702,3.500000,13.541667,Air
703,3.500000,13.583333,Air
704,3.500000,13.625000,Air
705,3.500000,13.666667,Air
706,3.500000,13.708333,Air
707,3.500000,13.750000,Air
708,3.500000,13.791667,Air
709,3.500000,13.833333,Air
710,3.500000,13.875000,Air
711,3.500000,13.916667,Air
712,3.500000,13.958333,Air
713,3.500000,14.000000,Air
714,3.500000,14.041667,Air
715,3.500000,14.083333,Air
716,3.500000,14.125000,Air
717,3.500000,14.166667,Air
718,3.500000,14.208333,Air
719,3.500000,14.250000,Air
720,3.500000,14.291667,Air
721,3.500000,14.333333,Air
722,3.500000,14.375000,Air
723,3.500000,14.416667,Air
724,3.500000,14.458333,Air
725,3.500000,14.500000,Air
726,3.500000,14.541667,Air
727,3.500000,14.583333,Air
728,3.500000,14.625000,Air
729,3.500000,14.666667,Air
730,3.500000,14.708333,Air
731,3.500000,14.750000,Air
732,3.500000,14.791667,Air
733,3.500000,14.833333,Air
734,3.500000,14.875000,Air
735,3.500000,14.916667,Air
736,3.500000,14.958333,Air
737,3.500000,15.000000,Ground
738,3.666667,15.044444,Ground
739,3.666667,15.088889,Air
740,3.666667,15.133333,Air
741,3.666667,15.177778,Air
742,3.666667,15.222222,Air
743,3.666667,15.266667,Air
744,3.666667,15.311111,Air
745,3.666667,15.355556,Air
746,3.666667,15.400000,Air
747,3.666667,15.444444,Air
748,3.666667,15.488889,Air
749,3.666667,15.533333,Air
750,3.666667,15.577778,Air
751,3.666667,15.622222,Air
752,3.666667,15.666667,Air
753,3.666667,15.711111,Air
754,3.666667,15.755556,Air
755,3.666667,15.800000,Air
756,3.666667,15.844444,Air
757,3.666667,15.888889,Air
758,3.666667,15.933333,Air
759,3.666667,15.977778,Air
760,3.666667,16.022222,Air
761,3.666667,16.066667,Air
762,3.666667,16.111111,Air
763,3.666667,16.155556,Air
764,3.666667,16.200000,Air
765,3.666667,16.244444,Air
766,3.666667,16.288889,Air
767,3.666667,16.333333,Air
768,3.666667,16.377778,Air
769,3.666667,16.422222,Air
770,3.666667,16.466667,Air
771,3.666667,16.511111,Air
772,3.666667,16.555556,Air
773,3.666667,16.600000,Air
774,3.666667,16.644444,Air
775,3.666667,16.688889,Air
776,3.666667,16.733333,Air
777,3.666667,16.777778,Air
778,3.666667,16.822222,Air
779,3.666667,16.866667,Air
780,3.666667,16.911111,Air
781,3.666667,16.955556,Air
782,3.666667,17.000000,Ground
783,3.833333,17.047222,Ground
784,3.833333,17.094444,Air
785,3.833333,17.141667,Air
786,3.833333,17.188889,Air
787,3.833333,17.236111,Air
788,3.833333,17.283333,Air
789,3.833333,17.330556,Air
790,3.833333,17.377778,Air
791,3.833333,17.425000,Air
792,3.833333,17.472222,Air
793,3.833333,17.519444,Air
794,3.833333,17.566667,Air
795,3.833333,17.613889,Air
796,3.833333,17.661111,Air
797,3.833333,17.708333,Air
798,3.833333,17.755556,Air
799,3.833333,17.802778,Air
800,3.833333,17.850000,Air
801,3.833333,17.897222,Air
802,3.833333,17.944444,Air
803,3.833333,17.991667,Air
804,3.833333,18.038889,Air
805,3.833333,18.086111,Air
806,3.833333,18.133333,Air
807,3.833333,18.180556,Air
808,3.833333,18.227778,Air
809,3.833333,18.275000,Air
810,3.833333,18.322222,Air
811,3.833333,18.369444,Air
812,3.833333,18.416667,Air
813,3.833333,18.463889,Air
814,3.833333,18.511111,Air
815,3.833333,18.558333,Air
816,3.833333,18.605556,Air
817,3.833333,18.652778,Air
818,3.833333,18.700000,Air
819,3.833333,18.747222,Air
820,3.833333,18.794444,Air
821,3.833333,18.841667,Air
822,3.833333,18.888889,Air
823,3.833333,18.936111,Air
824,3.833333,18.983333,Air
825,3.833333,19.030556,Air
826,3.833333,19.077778,Air
827,3.833333,19.125000,Ground
828,4.000000,19.175000,Ground
829,4.000000,19.225000,Air
830,4.000000,19.275000,Air
831,4.000000,19.325000,Air
832,4.000000,19.375000,Air
833,4.000000,19.425000,Air
834,4.000000,19.475000,Air
835,4.000000,19.525000,Air
836,4.000000,19.575000,Air
837,4.000000,19.625000,Air
838,4.000000,19.675000,Air
839,4.000000,19.725000,Air
840,4.000000,19.775000,Air
841,4.000000,19.825000,Air
842,4.000000,19.875000,Air
843,4.000000,19.925000,Air
844,4.000000,19.975000,Air
845,4.000000,20.025000,Air
846,4.000000,20.075000,Air
847,4.000000,20.125000,Air
848,4.000000,20.175000,Air
849,4.000000,20.225000,Air
850,4.000000,20.275000,Air
851,4.000000,20.325000,Air
852,4.000000,20.375000,Air
853,4.000000,20.425000,Air
854,4.000000,20.475000,Air
855,4.000000,20.525000,Air
856,4.000000,20.575000,Air
857,4.000000,20.625000,Air
858,4.000000,20.675000,Air
859,4.000000,20.725000,Air
860,4.000000,20.775000,Air
861,4.000000,20.825000,Air
862,4.000000,20.875000,Air
863,4.000000,20.925000,Air
864,4.000000,20.975000,Air
865,4.000000,21.025000,Air
866,4.000000,21.075000,Air
867,4.000000,21.125000,Air
868,4.000000,21.175000,Air
869,4.000000,21.225000,Air
870,4.000000,21.275000,Air
871,4.000000,21.325000,Air
872,4.000000,21.375000,Ground
873,4.166667,21.427778,Ground
874,4.166667,21.480556,Air
875,4.166667,21.533333,Air
876,4.166667,21.586111,Air
877,4.166667,21.638889,Air
878,4.166667,21.691667,Air
879,4.166667,21.744444,Air
880,4.166667,21.797222,Air
881,4.166667,21.850000,Air
882,4.166667,21.902778,Air
883,4.166667,21.955556,Air
884,4.166667,22.008333,Air
885,4.166667,22.061111,Air
886,4.166667,22.113889,Air
887,4.166667,22.166667,Air
888,4.166667,22.219444,Air
889,4.166667,22.272222,Air
890,4.166667,22.325000,Air
891,4.166667,22.377778,Air
892,4.166667,22.430556,Air
893,4.166667,22.483333,Air
894,4.166667,22.536111,Air
895,4.166667,22.588889,Air
896,4.166667,22.641667,Air
897,4.166667,22.694444,Air
898,4.166667,22.747222,Air
899,4.166667,22.800000,Air
900,4.166667,22.852778,Air
901,4.166667,22.905556,Air
902,4.166667,22.958333,Air
903,4.166667,23.011111,Air
904,4.166667,23.063889,Air
905,4.166667,23.116667,Air
906,4.166667,23.169444,Air
907,4.166667,23.222222,Air
908,4.166667,23.275000,Air
909,4.166667,23.327778,Air
910,4.166667,23.380556,Air
911,4.166667,23.433333,Air
912,4.166667,23.486111,Air
913,4.166667,23.538889,Air
914,4.166667,23.591667,Air
915,4.166667,23.644444,Air
916,4.166667,23.697222,Air
917,4.166667,23.750000,Ground
918,4.333333,23.805556,Ground
919,4.333333,23.861111,Air
920,4.333333,23.916667,Air
921,4.333333,23.972222,Air
922,4.333333,24.027778,Air
923,4.333333,24.083333,Air
924,4.333333,24.138889,Air
925,4.333333,24.194444,Air
926,4.333333,24.250000,Air
927,4.333333,24.305556,Air
928,4.333333,24.361111,Air
929,4.333333,24.416667,Air
930,4.333333,24.472222,Air
931,4.333333,24.527778,Air
932,4.333333,24.583333,Air
933,4.333333,24.638889,Air
934,4.333333,24.694444,Air
935,4.333333,24.750000,Air
936,4.333333,24.805556,Air
937,4.333333,24.861111,Air
938,4.333333,24.916667,Air
939,4.333333,24.972222,Air
940,4.333333,25.027778,Air
941,4.333333,25.083333,Air
942,4.333333,25.138889,Air
943,4.333333,25.194444,Air
944,4.333333,25.250000,Air
945,4.333333,25.305556,Air
946,4.333333,25.361111,Air
947,4.333333,25.416667,Air
948,4.333333,25.472222,Air
949,4.333333,25.527778,Air
950,4.333333,25.583333,Air
951,4.333333,25.638889,Air
952,4.333333,25.694444,Air
953,4.333333,25.750000,Air
954,4.333333,25.805556,Air
955,4.333333,25.861111,Air
956,4.333333,25.916667,Air
957,4.333333,25.972222,Air
958,4.333333,26.027778,Air
959,4.333333,26.083333,Air
960,4.333333,26.138889,Air
961,4.333333,26.194444,Air
962,4.333333,26.250000,Ground
963,4.500000,26.308333,Ground
964,4.500000,26.366667,Air
965,4.500000,26.425000,Air
966,4.500000,26.483333,Air
967,4.500000,26.541667,Air
968,4.500000,26.600000,Air
969,4.500000,26.658333,Air
970,4.500000,26.716667,Air
971,4.500000,26.775000,Air
972,4.500000,26.833333,Air
973,4.500000,26.891667,Air
974,4.500000,26.950000,Air
975,4.500000,27.008333,Air
976,4.500000,27.066667,Air
977,4.500000,27.125000,Air
978,4.500000,27.183333,Air
979,4.500000,27.241667,Air
980,4.500000,27.300000,Air
981,4.500000,27.358333,Air
982,4.500000,27.416667,Air
983,4.500000,27.475000,Air
984,4.500000,27.533333,Air
985,4.500000,27.591667,Air
986,4.500000,27.650000,Air
987,4.500000,27.708333,Air
988,4.500000,27.766667,Air
989,4.500000,27.825000,Air
990,4.500000,27.883333,Air
991,4.500000,27.941667,Air
992,4.500000,28.000000,Air
993,4.500000,28.058333,Air
994,4.500000,28.116667,Air
995,4.500000,28.175000,Air
996,4.500000,28.233333,Air
997,4.500000,28.291667,Air
998,4.500000,28.350000,Air
999,4.500000,28.408333,Air
1000,4.500000,28.466667,Air
1001,4.500000,28.525000,Air
1002,4.500000,28.583333,Air
1003,4.500000,28.641667,Air
1004,4.500000,28.700000,Air
1005,4.500000,28.758333,Air
1006,4.500000,28.816667,Air
1007,4.500000,28.875000,Ground
1008,4.666667,28.936111,Ground
1009,4.666667,28.997222,Air
1010,4.666667,29.058333,Air
1011,4.666667,29.119444,Air
1012,4.666667,29.180556,Air
1013,4.666667,29.241667,Air
1014,4.666667,29.302778,Air
1015,4.666667,29.363889,Air
1016,4.666667,29.425000,Air
1017,4.666667,29.486111,Air
1018,4.666667,29.547222,Air
1019,4.666667,29.608333,Air
1020,4.666667,29.669444,Air
1021,4.666667,29.730556,Air
1022,4.666667,29.791667,Air
1023,4.666667,29.852778,Air
1024,4.666667,29.913889,Air
1025,4.666667,29.975000,Air
1026,4.666667,30.036111,Air
1027,4.666667,30.097222,Air
1028,4.666667,30.158333,Air
1029,4.666667,30.219444,Air
1030,4.666667,30.280556,Air
1031,4.666667,30.341667,Air
1032,4.666667,30.402778,Air
1033,4.666667,30.463889,Air
1034,4.666667,30.525000,Air
1035,4.666667,30.586111,Air
1036,4.666667,30.647222,Air
1037,4.666667,30.708333,Air
1038,4.666667,30.769444,Air
1039,4.666667,30.830556,Air
1040,4.666667,30.891667,Air
1041,4.666667,30.952778,Air
1042,4.666667,31.013889,Air
1043,4.666667,31.075000,Air
1044,4.666667,31.136111,Air
1045,4.666667,31.197222,Air
1046,4.666667,31.258333,Air
1047,4.666667,31.319444,Air
1048,4.666667,31.380556,Air
1049,4.666667,31.441667,Air
1050,4.666667,31.502778,Air
1051,4.666667,31.563889,Air
1052,4.666667,31.625000,Ground
1053,4.833333,31.688889,Ground
1054,4.833333,31.752778,Air
1055,4.833333,31.816667,Air
1056,4.833333,31.880556,Air
1057,4.833333,31.944444,Air
1058,4.833333,32.008333,Air
1059,4.833333,32.072222,Air
1060,4.833333,32.136111,Air
1061,4.833333,32.200000,Air
1062,4.833333,32.263889,Air
1063,4.833333,32.327778,Air
1064,4.833333,32.391667,Air
1065,4.833333,32.455556,Air
1066,4.833333,32.519444,Air
1067,4.833333,32.583333,Air
1068,4.833333,32.647222,Air
1069,4.833333,32.711111,Air
1070,4.833333,32.775000,Air
1071,4.833333,32.838889,Air
1072,4.833333,32.902778,Air
1073,4.833333,32.966667,Air
1074,4.833333,33.030556,Air
1075,4.833333,33.094444,Air
1076,4.833333,33.158333,Air
1077,4.833333,33.222222,Air
1078,4.833333,33.286111,Air
1079,4.833333,33.350000,Air
1080,4.833333,33.413889,Air
1081,4.833333,33.477778,Air
1082,4.833333,33.541667,Air
1083,4.833333,33.605556,Air
1084,4.833333,33.669444,Air
1085,4.833333,33.733333,Air
1086,4.833333,33.797222,Air
1087,4.833333,33.861111,Air
1088,4.833333,33.925000,Air
1089,4.833333,33.988889,Air
1090,4.833333,34.052778,Air
1091,4.833333,34.116667,Air
1092,4.833333,34.180556,Air
1093,4.833333,34.244444,Air
1094,4.833333,34.308333,Air
1095,4.833333,34.372222,Air
1096,4.833333,34.436111,Air
1097,4.833333,34.500000,Ground
1098,5.000000,34.566667,Ground
1099,5.000000,34.633333,Air
1100,5.000000,34.700000,Air
1101,5.000000,34.766667,Air
1102,5.000000,34.833333,Air
1103,5.000000,34.900000,Air
1104,5.000000,34.966667,Air
1105,5.000000,35.033333,Air
1106,5.000000,35.100000,Air
1107,5.000000,35.166667,Air
1108,5.000000,35.233333,Air
1109,5.000000,35.300000,Air
1110,5.000000,35.366667,Air
1111,5.000000,35.433333,Air
1112,5.000000,35.500000,Air
1113,5.000000,35.566667,Air
1114,5.000000,35.633333,Air
1115,5.000000,35.700000,Air
1116,5.000000,35.766667,Air
1117,5.000000,35.833333,Air
1118,5.000000,35.900000,Air
1119,5.000000,35.966667,Air
1120,5.000000,36.033333,Air
1121,5.000000,36.100000,Air
1122,5.000000,36.166667,Air
1123,5.000000,36.233333,Air
1124,5.000000,36.300000,Air
1125,5.000000,36.366667,Air
1126,5.000000,36.433333,Air
1127,5.000000,36.500000,Air
1128,5.000000,36.566667,Air
1129,5.000000,36.633333,Air
1130,5.000000,36.700000,Air
1131,5.000000,36.766667,Air
1132,5.000000,36.833333,Air
1133,5.000000,36.900000,Air
1134,5.000000,36.966667,Air
1135,5.000000,37.033333,Air
1136,5.000000,37.100000,Air
1137,5.000000,37.166667,Air
1138,5.000000,37.233333,Air
1139,5.000000,37.300000,Air
1140,5.000000,37.366667,Air
1141,5.000000,37.433333,Air
1142,5.000000,37.500000,Ground
1143,5.166667,37.569444,Ground
1144,5.166667,37.638889,Air
1145,5.166667,37.708333,Air
1146,5.166667,37.777778,Air
1147,5.166667,37.847222,Air
1148,5.166667,37.916667,Air
1149,5.166667,37.986111,Air
1150,5.166667,38.055556,Air
1151,5.166667,38.125000,Air
1152,5.166667,38.194444,Air
1153,5.166667,38.263889,Air
1154,5.166667,38.333333,Air
1155,5.166667,38.402778,Air
1156,5.166667,38.472222,Air
1157,5.166667,38.541667,Air
1158,5.166667,38.611111,Air
1159,5.166667,38.680556,Air
1160,5.166667,38.750000,Air
1161,5.166667,38.819444,Air
1162,5.166667,38.888889,Air
1163,5.166667,38.958333,Air
1164,5.166667,39.027778,Air
1165,5.166667,39.097222,Air
1166,5.166667,39.166667,Air
1167,5.166667,39.236111,Air
1168,5.166667,39.305556,Air
1169,5.166667,39.375000,Air
1170,5.166667,39.444444,Air
1171,5.166667,39.513889,Air
1172,5.166667,39.583333,Air
1173,5.166667,39.652778,Air
1174,5.166667,39.722222,Air
1175,5.166667,39.791667,Air
1176,5.166667,39.861111,Air
1177,5.166667,39.930556,Air
1178,5.166667,40.000000,Air
1179,5.166667,40.069444,Air
1180,5.166667,40.138889,Air
1181,5.166667,40.208333,Air
1182,5.166667,40.277778,Air
1183,5.166667,40.347222,Air
1184,5.166667,40.416667,Air
1185,5.166667,40.486111,Air
1186,5.166667,40.555556,Air
1187,5.166667,40.625000,Ground
1188,5.333333,40.697222,Ground
1189,5.333333,40.769444,Air
1190,5.333333,40.841667,Air
1191,5.333333,40.913889,Air
1192,5.333333,40.986111,Air
1193,5.333333,41.058333,Air
1194,5.333333,41.130556,Air
1195,5.333333,41.202778,Air
1196,5.333333,41.275000,Air
1197,5.333333,41.347222,Air
1198,5.333333,41.419444,Air
1199,5.333333,41.491667,Air
1200,5.333333,41.563889,Air
1201,5.333333,41.636111,Air
1202,5.333333,41.708333,Air
1203,5.333333,41.780556,Air
1204,5.333333,41.852778,Air
1205,5.333333,41.925000,Air
1206,5.333333,41.997222,Air
1207,5.333333,42.069444,Air
1208,5.333333,42.141667,Air
1209,5.333333,42.213889,Air
1210,5.333333,42.286111,Air
1211,5.333333,42.358333,Air
1212,5.333333,42.430556,Air
1213,5.333333,42.502778,Air
1214,5.333333,42.575000,Air
1215,5.333333,42.647222,Air
1216,5.333333,42.719444,Air
1217,5.333333,42.791667,Air
1218,5.333333,42.863889,Air
1219,5.333333,42.936111,Air
1220,5.333333,43.008333,Air
1221,5.333333,43.080556,Air
1222,5.333333,43.152778,Air
1223,5.333333,43.225000,Air
1224,5.333333,43.297222,Air
1225,5.333333,43.369444,Air
1226,5.333333,43.441667,Air
1227,5.333333,43.513889,Air
1228,5.333333,43.586111,Air
1229,5.333333,43.658333,Air
1230,5.333333,43.730556,Air
1231,5.333333,43.802778,Air
1232,5.333333,43.875000,Ground
1233,5.500000,43.950000,Ground
1234,5.500000,44.025000,Air
1235,5.500000,44.100000,Air
1236,5.500000,44.175000,Air
1237,5.500000,44.250000,Air
1238,5.500000,44.325000,Air
1239,5.500000,44.400000,Air
1240,5.500000,44.475000,Air
1241,5.500000,44.550000,Air
1242,5.500000,44.625000,Air
1243,5.500000,44.700000,Air
1244,5.500000,44.775000,Air
1245,5.500000,44.850000,Air
1246,5.500000,44.925000,Air
1247,5.500000,45.000000,Air
1248,5.500000,45.075000,Air
1249,5.500000,45.150000,Air
1250,5.500000,45.225000,Air
1251,5.500000,45.300000,Air
1252,5.500000,45.375000,Air
1253,5.500000,45.450000,Air
1254,5.500000,45.525000,Air
1255,5.500000,45.600000,Air
1256,5.500000,45.675000,Air
1257,5.500000,45.750000,Air
1258,5.500000,45.825000,Air
1259,5.500000,45.900000,Air
1260,5.500000,45.975000,Air
1261,5.500000,46.050000,Air
1262,5.500000,46.125000,Air
1263,5.500000,46.200000,Air
1264,5.500000,46.275000,Air
1265,5.500000,46.350000,Air
1266,5.500000,46.425000,Air
1267,5.500000,46.500000,Air
1268,5.500000,46.575000,Air
1269,5.500000,46.650000,Air
1270,5.500000,46.725000,Air
1271,5.500000,46.800000,Air
1272,5.500000,46.875000,Air
1273,5.500000,46.950000,Air
1274,5.500000,47.025000,Air
1275,5.500000,47.100000,Air
1276,5.500000,47.175000,Air
1277,5.500000,47.250000,Ground
1278,5.666667,47.327778,Ground
1279,5.666667,47.405556,Air
1280,5.666667,47.483333,Air
1281,5.666667,47.561111,Air
1282,5.666667,47.638889,Air
1283,5.666667,47.716667,Air
1284,5.666667,47.794444,Air
1285,5.666667,47.872222,Air
1286,5.666667,47.950000,Air
1287,5.666667,48.027778,Air
1288,5.666667,48.105556,Air
1289,5.666667,48.183333,Air
1290,5.666667,48.261111,Air
1291,5.666667,48.338889,Air
1292,5.666667,48.416667,Air
1293,5.666667,48.494444,Air
1294,5.666667,48.572222,Air
1295,5.666667,48.650000,Air
1296,5.666667,48.727778,Air
1297,5.666667,48.805556,Air
1298,5.666667,48.883333,Air
1299,5.666667,48.961111,Air
1300,5.666667,49.038889,Air
1301,5.666667,49.116667,Air
1302,5.666667,49.194444,Air
1303,5.666667,49.272222,Air
1304,5.666667,49.350000,Air
1305,5.666667,49.427778,Air
1306,5.666667,49.505556,Air
1307,5.666667,49.583333,Air
1308,5.666667,49.661111,Air
1309,5.666667,49.738889,Air
1310,5.666667,49.816667,Air
1311,5.666667,49.894444,Air
1312,5.666667,49.972222,Air
1313,5.666667,50.050000,Air
1314,5.666667,50.127778,Air
1315,5.666667,50.205556,Air
1316,5.666667,50.283333,Air
1317,5.666667,50.361111,Air
1318,5.666667,50.438889,Air
1319,5.666667,50.516667,Air
1320,5.666667,50.594444,Air
1321,5.666667,50.672222,Air
1322,5.666667,50.750000,Ground
1323,5.833333,50.830556,Ground
1324,5.833333,50.911111,Air
1325,5.833333,50.991667,Air
1326,5.833333,51.072222,Air
1327,5.833333,51.152778,Air
1328,5.833333,51.233333,Air
1329,5.833333,51.313889,Air
1330,5.833333,51.394444,Air
1331,5.833333,51.475000,Air
1332,5.833333,51.555556,Air
1333,5.833333,51.636111,Air
1334,5.833333,51.716667,Air
1335,5.833333,51.797222,Air
1336,5.833333,51.877778,Air
1337,5.833333,51.958333,Air
1338,5.833333,52.038889,Air
1339,5.833333,52.119444,Air
1340,5.833333,52.200000,Air
1341,5.833333,52.280556,Air
1342,5.833333,52.361111,Air
1343,5.833333,52.441667,Air
1344,5.833333,52.522222,Air
1345,5.833333,52.602778,Air
1346,5.833333,52.683333,Air
1347,5.833333,52.763889,Air
1348,5.833333,52.844444,Air
1349,5.833333,52.925000,Air
1350,5.833333,53.005556,Air
1351,5.833333,53.086111,Air
1352,5.833333,53.166667,Air
1353,5.833333,53.247222,Air
1354,5.833333,53.327778,Air
1355,5.833333,53.408333,Air
1356,5.833333,53.488889,Air
1357,5.833333,53.569444,Air
1358,5.833333,53.650000,Air
1359,5.833333,53.730556,Air
1360,5.833333,53.811111,Air
1361,5.833333,53.891667,Air
1362,5.833333,53.972222,Air
1363,5.833333,54.052778,Air
1364,5.833333,54.133333,Air
1365,5.833333,54.213889,Air
1366,5.833333,54.294444,Air
1367,5.833333,54.375000,Ground
1368,6.000000,54.458333,Ground
1369,6.000000,54.541667,Air
1370,6.000000,54.625000,Air
1371,6.000000,54.708333,Air
1372,6.000000,54.791667,Air
1373,6.000000,54.875000,Air
1374,6.000000,54.958333,Air
1375,6.000000,55.041667,Air
1376,6.000000,55.125000,Air
1377,6.000000,55.208333,Air
1378,6.000000,55.291667,Air
1379,6.000000,55.375000,Air
1380,6.000000,55.458333,Air
1381,6.000000,55.541667,Air
1382,6.000000,55.625000,Air
1383,6.000000,55.708333,Air
1384,6.000000,55.791667,Air
1385,6.000000,55.875000,Air
1386,6.000000,55.958333,Air
1387,6.000000,56.041667,Air
1388,6.000000,56.125000,Air
1389,6.000000,56.208333,Air
1390,6.000000,56.291667,Air
1391,6.000000,56.375000,Air
1392,6.000000,56.458333,Air
1393,6.000000,56.541667,Air
1394,6.000000,56.625000,Air
1395,6.000000,56.708333,Air
1396,6.000000,56.791667,Air
1397,6.000000,56.875000,Air
1398,6.000000,56.958333,Air
1399,6.000000,57.041667,Air
1400,6.000000,57.125000,Air
1401,6.000000,57.208333,Air
1402,6.000000,57.291667,Air
1403,6.000000,57.375000,Air
1404,6.000000,57.458333,Air
1405,6.000000,57.541667,Air
1406,6.000000,57.625000,Air
1407,6.000000,57.708333,Air
1408,6.000000,57.791667,Air
1409,6.000000,57.875000,Air
1410,6.000000,57.958333,Air
1411,6.000000,58.041667,Air
1412,6.000000,58.125000,Ground
1413,6.166667,58.211111,Ground
1414,6.166667,58.297222,Air
1415,6.166667,58.383333,Air
1416,6.166667,58.469444,Air
1417,6.166667,58.555556,Air
1418,6.166667,58.641667,Air
1419,6.166667,58.727778,Air
1420,6.166667,58.813889,Air
1421,6.166667,58.900000,Air
1422,6.166667,58.986111,Air
1423,6.166667,59.072222,Air
1424,6.166667,59.158333,Air
1425,6.166667,59.244444,Air
1426,6.166667,59.330556,Air
1427,6.166667,59.416667,Air
1428,6.166667,59.502778,Air
1429,6.166667,59.588889,Air
1430,6.166667,59.675000,Air
1431,6.166667,59.761111,Air
1432,6.166667,59.847222,Air
1433,6.166667,59.933333,Air
1434,6.166667,60.019444,Air
1435,6.166667,60.105556,Air
1436,6.166667,60.191667,Air
1437,6.166667,60.277778,Air
1438,6.166667,60.363889,Air
1439,6.166667,60.450000,Air
1440,6.166667,60.536111,Air
1441,6.166667,60.622222,Air
1442,6.166667,60.708333,Air
1443,6.166667,60.794444,Air
1444,6.166667,60.880556,Air
1445,6.166667,60.966667,Air
1446,6.166667,61.052778,Air
1447,6.166667,61.138889,Air
1448,6.166667,61.225000,Air
1449,6.166667,61.311111,Air
1450,6.166667,61.397222,Air
1451,6.166667,61.483333,Air
1452,6.166667,61.569444,Air
1453,6.166667,61.655556,Air
1454,6.166667,61.741667,Air
1455,6.166667,61.827778,Air
1456,6.166667,61.913889,Air
1457,6.166667,62.000000,Ground
1458,6.333333,62.088889,Ground
1459,6.333333,62.177778,Air
1460,6.333333,62.266667,Air
1461,6.333333,62.355556,Air
1462,6.333333,62.444444,Air
1463,6.333333,62.533333,Air
1464,6.333333,62.622222,Air
1465,6.333333,62.711111,Air
1466,6.333333,62.800000,Air
1467,6.333333,62.888889,Air
1468,6.333333,62.977778,Air
1469,6.333333,63.066667,Air
1470,6.333333,63.155556,Air
1471,6.333333,63.244444,Air
1472,6.333333,63.333333,Air
1473,6.333333,63.422222,Air
1474,6.333333,63.511111,Air
1475,6.333333,63.600000,Air
1476,6.333333,63.688889,Air
1477,6.333333,63.777778,Air
1478,6.333333,63.866667,Air
1479,6.333333,63.955556,Air
1480,6.333333,64.044444,Air
1481,6.333333,64.133333,Air
1482,6.333333,64.222222,Air
1483,6.333333,64.311111,Air
1484,6.333333,64.400000,Air
1485,6.333333,64.488889,Air
1486,6.333333,64.577778,Air
1487,6.333333,64.666667,Air
1488,6.333333,64.755556,Air
1489,6.333333,64.844444,Air
1490,6.333333,64.933333,Air
1491,6.333333,65.022222,Air
1492,6.333333,65.111111,Air
1493,6.333333,65.200000,Air
1494,6.333333,65.288889,Air
1495,6.333333,65.377778,Air
1496,6.333333,65.466667,Air
1497,6.333333,65.555556,Air
1498,6.333333,65.644444,Air
1499,6.333333,65.733333,Air
1500,6.333333,65.822222,Air
1501,6.333333,65.911111,Air
1502,6.333333,66.000000,Ground
1503,6.500000,66.091667,Ground
1504,6.500000,66.183333,Air
1505,6.500000,66.275000,Air
1506,6.500000,66.366667,Air
1507,6.500000,66.458333,Air
1508,6.500000,66.550000,Air
1509,6.500000,66.641667,Air
1510,6.500000,66.733333,Air
1511,6.500000,66.825000,Air
1512,6.500000,66.916667,Air
1513,6.500000,67.008333,Air
1514,6.500000,67.100000,Air
1515,6.500000,67.191667,Air
1516,6.500000,67.283333,Air
1517,6.500000,67.375000,Air
1518,6.500000,67.466667,Air
1519,6.500000,67.558333,Air
1520,6.500000,67.650000,Air
1521,6.500000,67.741667,Air
1522,6.500000,67.833333,Air
1523,6.500000,67.925000,Air
1524,6.500000,68.016667,Air
1525,6.500000,68.108333,Air
1526,6.500000,68.200000,Air
1527,6.500000,68.291667,Air
1528,6.500000,68.383333,Air
1529,6.500000,68.475000,Air
1530,6.500000,68.566667,Air
1531,6.500000,68.658333,Air
1532,6.500000,68.750000,Air
1533,6.500000,68.841667,Air
1534,6.500000,68.933333,Air
1535,6.500000,69.025000,Air
1536,6.500000,69.116667,Air
1537,6.500000,69.208333,Air
1538,6.500000,69.300000,Air
1539,6.500000,69.391667,Air
1540,6.500000,69.483333,Air
1541,6.500000,69.575000,Air
1542,6.500000,69.666667,Air
1543,6.500000,69.758333,Air
1544,6.500000,69.850000,Air
1545,6.500000,69.941667,Air
1546,6.500000,70.033333,Air
1547,6.500000,70.125000,Ground
1548,6.666667,70.219444,Ground
1549,6.666667,70.313889,Air
1550,6.666667,70.408333,Air
1551,6.666667,70.502778,Air
1552,6.666667,70.597222,Air
1553,6.666667,70.691667,Air
1554,6.666667,70.786111,Air
1555,6.666667,70.880556,Air
1556,6.666667,70.975000,Air
1557,6.666667,71.069444,Air
1558,6.666667,71.163889,Air
1559,6.666667,71.258333,Air
1560,6.666667,71.352778,Air
1561,6.666667,71.447222,Air
1562,6.666667,71.541667,Air
1563,6.666667,71.636111,Air
1564,6.666667,71.730556,Air
1565,6.666667,71.825000,Air
1566,6.666667,71.919444,Air
1567,6.666667,72.013889,Air
1568,6.666667,72.108333,Air
1569,6.666667,72.202778,Air
1570,6.666667,72.297222,Air
1571,6.666667,72.391667,Air
1572,6.666667,72.486111,Air
1573,6.666667,72.580556,Air
1574,6.666667,72.675000,Air
1575,6.666667,72.769444,Air
1576,6.666667,72.863889,Air
1577,6.666667,72.958333,Air
1578,6.666667,73.052778,Air
1579,6.666667,73.147222,Air
1580,6.666667,73.241667,Air
1581,6.666667,73.336111,Air
1582,6.666667,73.430556,Air
1583,6.666667,73.525000,Air
1584,6.666667,73.619444,Air
1585,6.666667,73.713889,Air
1586,6.666667,73.808333,Air
1587,6.666667,73.902778,Air
1588,6.666667,73.997222,Air
1589,6.666667,74.091667,Air
1590,6.666667,74.186111,Air
1591,6.666667,74.280556,Air
1592,6.666667,74.375000,Ground
1593,6.833333,74.472222,Ground
1594,6.833333,74.569444,Air
1595,6.833333,74.666667,Air
1596,6.833333,74.763889,Air
1597,6.833333,74.861111,Air
1598,6.833333,74.958333,Air
1599,6.833333,75.055556,Air
1600,6.833333,75.152778,Air
1601,6.833333,75.250000,Air
1602,6.833333,75.347222,Air
1603,6.833333,75.444444,Air
1604,6.833333,75.541667,Air
1605,6.833333,75.638889,Air
1606,6.833333,75.736111,Air
1607,6.833333,75.833333,Air
1608,6.833333,75.930556,Air
1609,6.833333,76.027778,Air
1610,6.833333,76.125000,Air
1611,6.833333,76.222222,Air
1612,6.833333,76.319444,Air
1613,6.833333,76.416667,Air
1614,6.833333,76.513889,Air
1615,6.833333,76.611111,Air
1616,6.833333,76.708333,Air
1617,6.833333,76.805556,Air
1618,6.833333,76.902778,Air
1619,6.833333,77.000000,Air
1620,6.833333,77.097222,Air
1621,6.833333,77.194444,Air
1622,6.833333,77.291667,Air
1623,6.833333,77.388889,Air
1624,6.833333,77.486111,Air
1625,6.833333,77.583333,Air
1626,6.833333,77.680556,Air
1627,6.833333,77.777778,Air
1628,6.833333,77.875000,Air
1629,6.833333,77.972222,Air
1630,6.833333,78.069444,Air
1631,6.833333,78.166667,Air
1632,6.833333,78.263889,Air
1633,6.833333,78.361111,Air
1634,6.833333,78.458333,Air
1635,6.833333,78.555556,Air
1636,6.833333,78.652778,Air
1637,6.833333,78.750000,Ground
1638,7.000000,78.850000,Ground
1639,7.000000,78.950000,Air
1640,7.000000,79.050000,Air
1641,7.000000,79.150000,Air
1642,7.000000,79.250000,Air
1643,7.000000,79.350000,Air
1644,7.000000,79.450000,Air
1645,7.000000,79.550000,Air
1646,7.000000,79.650000,Air
1647,7.000000,79.750000,Air
1648,7.000000,79.850000,Air
1649,7.000000,79.950000,Air
1650,7.000000,80.050000,Air
1651,7.000000,80.150000,Air
1652,7.000000,80.250000,Air
1653,7.000000,80.350000,Air
1654,7.000000,80.450000,Air
1655,7.000000,80.550000,Air
1656,7.000000,80.650000,Air
1657,7.000000,80.750000,Air
1658,7.000000,80.850000,Air
1659,7.000000,80.950000,Air
1660,7.000000,81.050000,Air
1661,7.000000,81.150000,Air
1662,7.000000,81.250000,Air
1663,7.000000,81.350000,Air
1664,7.000000,81.450000,Air
1665,7.000000,81.550000,Air
1666,7.000000,81.650000,Air
1667,7.000000,81.750000,Air
1668,7.000000,81.850000,Air
1669,7.000000,81.950000,Air
1670,7.000000,82.050000,Air
1671,7.000000,82.150000,Air
1672,7.000000,82.250000,Air
1673,7.000000,82.350000,Air
1674,7.000000,82.450000,Air
1675,7.000000,82.550000,Air
1676,7.000000,82.650000,Air
1677,7.000000,82.750000,Air
1678,7.000000,82.850000,Air
1679,7.000000,82.950000,Air
1680,7.000000,83.050000,Air
1681,7.000000,83.150000,Air
1682,7.000000,83.250000,Ground
1683,7.166667,83.352778,Ground
1684,7.166667,83.455556,Air
1685,7.166667,83.558333,Air
1686,7.166667,83.661111,Air
1687,7.166667,83.763889,Air
1688,7.166667,83.866667,Air
1689,7.166667,83.969444,Air
1690,7.166667,84.072222,Air
1691,7.166667,84.175000,Air
1692,7.166667,84.277778,Air
1693,7.166667,84.380556,Air
1694,7.166667,84.483333,Air
1695,7.166667,84.586111,Air
1696,7.166667,84.688889,Air
1697,7.166667,84.791667,Air
1698,7.166667,84.894444,Air
1699,7.166667,84.997222,Air
1700,7.166667,85.100000,Air
1701,7.166667,85.202778,Air
1702,7.166667,85.305556,Air
1703,7.166667,85.408333,Air
1704,7.166667,85.511111,Air
1705,7.166667,85.613889,Air
1706,7.166667,85.716667,Air
1707,7.166667,85.819444,Air
1708,7.166667,85.922222,Air
1709,7.166667,86.025000,Air
1710,7.166667,86.127778,Air
1711,7.166667,86.230556,Air
1712,7.166667,86.333333,Air
1713,7.166667,86.436111,Air
1714,7.166667,86.538889,Air
1715,7.166667,86.641667,Air
1716,7.166667,86.744444,Air
1717,7.166667,86.847222,Air
1718,7.166667,86.950000,Air
1719,7.166667,87.052778,Air
1720,7.166667,87.155556,Air
1721,7.166667,87.258333,Air
1722,7.166667,87.361111,Air
1723,7.166667,87.463889,Air
1724,7.166667,87.566667,Air
1725,7.166667,87.669444,Air
1726,7.166667,87.772222,Air
1727,7.166667,87.875000,Ground
1728,7.333333,87.980556,Ground
1729,7.333333,88.086111,Air
1730,7.333333,88.191667,Air
1731,7.333333,88.297222,Air
1732,7.333333,88.402778,Air
1733,7.333333,88.508333,Air
1734,7.333333,88.613889,Air
1735,7.333333,88.719444,Air
1736,7.333333,88.825000,Air
1737,7.333333,88.930556,Air
1738,7.333333,89.036111,Air
1739,7.333333,89.141667,Air
1740,7.333333,89.247222,Air
1741,7.333333,89.352778,Air
1742,7.333333,89.458333,Air
1743,7.333333,89.563889,Air
1744,7.333333,89.669444,Air
1745,7.333333,89.775000,Air
1746,7.333333,89.880556,Air
1747,7.333333,89.986111,Air
1748,7.333333,90.091667,Air
1749,7.333333,90.197222,Air
1750,7.333333,90.302778,Air
1751,7.333333,90.408333,Air
1752,7.333333,90.513889,Air
1753,7.333333,90.619444,Air
1754,7.333333,90.725000,Air
1755,7.333333,90.830556,Air
1756,7.333333,90.936111,Air
1757,7.333333,91.041667,Air
1758,7.333333,91.147222,Air
1759,7.333333,91.252778,Air
1760,7.333333,91.358333,Air
1761,7.333333,91.463889,Air
1762,7.333333,91.569444,Air
1763,7.333333,91.675000,Air
1764,7.333333,91.780556,Air
1765,7.333333,91.886111,Air
1766,7.333333,91.991667,Air
1767,7.333333,92.097222,Air
1768,7.333333,92.202778,Air
1769,7.333333,92.308333,Air
1770,7.333333,92.413889,Air
1771,7.333333,92.519444,Air
1772,7.333333,92.625000,Ground
1773,7.500000,92.733333,Ground
1774,7.500000,92.841667,Air
1775,7.500000,92.950000,Air
1776,7.500000,93.058333,Air
1777,7.500000,93.166667,Air
1778,7.500000,93.275000,Air
1779,7.500000,93.383333,Air
1780,7.500000,93.491667,Air
1781,7.500000,93.600000,Air
1782,7.500000,93.708333,Air
1783,7.500000,93.816667,Air
1784,7.500000,93.925000,Air
1785,7.500000,94.033333,Air
1786,7.500000,94.141667,Air
1787,7.500000,94.250000,Air
1788,7.500000,94.358333,Air
1789,7.500000,94.466667,Air
1790,7.500000,94.575000,Air
1791,7.500000,94.683333,Air
1792,7.500000,94.791667,Air
1793,7.500000,94.900000,Air
1794,7.500000,95.008333,Air
1795,7.500000,95.116667,Air
1796,7.500000,95.225000,Air
1797,7.500000,95.333333,Air
1798,7.500000,95.441667,Air
1799,7.500000,95.550000,Air
1800,7.500000,95.658333,Air
1801,7.500000,95.766667,Air
1802,7.500000,95.875000,Air
1803,7.500000,95.983333,Air
1804,7.500000,96.091667,Air
1805,7.500000,96.200000,Air
1806,7.500000,96.308333,Air
1807,7.500000,96.416667,Air
1808,7.500000,96.525000,Air
1809,7.500000,96.633333,Air
1810,7.500000,96.741667,Air
1811,7.500000,96.850000,Air
1812,7.500000,96.958333,Air
1813,7.500000,97.066667,Air
1814,7.500000,97.175000,Air
1815,7.500000,97.283333,Air
1816,7.500000,97.391667,Air
1817,7.500000,97.500000,Ground
1818,7.666667,97.611111,Ground
1819,7.666667,97.722222,Air
1820,7.666667,97.833333,Air
1821,7.666667,97.944444,Air
1822,7.666667,98.055556,Air
1823,7.666667,98.166667,Air
1824,7.666667,98.277778,Air
1825,7.666667,98.388889,Air
1826,7.666667,98.500000,Air
1827,7.666667,98.611111,Air
1828,7.666667,98.722222,Air
1829,7.666667,98.833333,Air
1830,7.666667,98.944444,Air
1831,7.666667,99.055556,Air
1832,7.666667,99.166667,Air
1833,7.666667,99.277778,Air
1834,7.666667,99.388889,Air
1835,7.666667,99.500000,Air
1836,7.666667,99.611111,Air
1837,7.666667,99.722222,Air
1838,7.666667,99.833333,Air
1839,7.666667,99.944444,Air
1840,7.666667,100.055556,Air
1841,7.666667,100.166667,Air
1842,7.666667,100.277778,Air
1843,7.666667,100.388889,Air
1844,7.666667,100.500000,Air
1845,7.666667,100.611111,Air
1846,7.666667,100.722222,Air
1847,7.666667,100.833333,Air
1848,7.666667,100.944444,Air
1849,7.666667,101.055556,Air
1850,7.666667,101.166667,Air
1851,7.666667,101.277778,Air
1852,7.666667,101.388889,Air
1853,7.666667,101.500000,Air
1854,7.666667,101.611111,Air
1855,7.666667,101.722222,Air
1856,7.666667,101.833333,Air
1857,7.666667,101.944444,Air
1858,7.666667,102.055556,Air
1859,7.666667,102.166667,Air
1860,7.666667,102.277778,Air
1861,7.666667,102.388889,Air
1862,7.666667,102.500000,Ground
1863,7.833333,102.613889,Ground
1864,7.833333,102.727778,Air
1865,7.833333,102.841667,Air
1866,7.833333,102.955556,Air
1867,7.833333,103.069444,Air
1868,7.833333,103.183333,Air
1869,7.833333,103.297222,Air
1870,7.833333,103.411111,Air
1871,7.833333,103.525000,Air
1872,7.833333,103.638889,Air
1873,7.833333,103.752778,Air
1874,7.833333,103.866667,Air
1875,7.833333,103.980556,Air
1876,7.833333,104.094444,Air
1877,7.833333,104.208333,Air
1878,7.833333,104.322222,Air
1879,7.833333,104.436111,Air
1880,7.833333,104.550000,Air
1881,7.833333,104.663889,Air
1882,7.833333,104.777778,Air
1883,7.833333,104.891667,Air
1884,7.833333,105.005556,Air
1885,7.833333,105.119444,Air
1886,7.833333,105.233333,Air
1887,7.833333,105.347222,Air
1888,7.833333,105.461111,Air
1889,7.833333,105.575000,Air
1890,7.833333,105.688889,Air
1891,7.833333,105.802778,Air
1892,7.833333,105.916667,Air
1893,7.833333,106.030556,Air
1894,7.833333,106.144444,Air
1895,7.833333,106.258333,Air
1896,7.833333,106.372222,Air
1897,7.833333,106.486111,Air
1898,7.833333,106.600000,Air
1899,7.833333,106.713889,Air
1900,7.833333,106.827778,Air
1901,7.833333,106.941667,Air
1902,7.833333,107.055556,Air
1903,7.833333,107.169444,Air
1904,7.833333,107.283333,Air
1905,7.833333,107.397222,Air
1906,7.833333,107.511111,Air
1907,7.833333,107.625000,Ground
1908,8.000000,107.741667,Ground
1909,8.000000,107.858333,Air
1910,8.000000,107.975000,Air
1911,8.000000,108.091667,Air
1912,8.000000,108.208333,Air
1913,8.000000,108.325000,Air
1914,8.000000,108.441667,Air
1915,8.000000,108.558333,Air
1916,8.000000,108.675000,Air
1917,8.000000,108.791667,Air
1918,8.000000,108.908333,Air
1919,8.000000,109.025000,Air
1920,8.000000,109.141667,Air
1921,8.000000,109.258333,Air
1922,8.000000,109.375000,Air
1923,8.000000,109.491667,Air
1924,8.000000,109.608333,Air
1925,8.000000,109.725000,Air
1926,8.000000,109.841667,Air
1927,8.000000,109.958333,Air
1928,8.000000,110.075000,Air
1929,8.000000,110.191667,Air
1930,8.000000,110.308333,Air
1931,8.000000,110.425000,Air
1932,8.000000,110.541667,Air
1933,8.000000,110.658333,Air
1934,8.000000,110.775000,Air
1935,8.000000,110.891667,Air
1936,8.000000,111.008333,Air
1937,8.000000,111.125000,Air
1938,8.000000,111.241667,Air
1939,8.000000,111.358333,Air
1940,8.000000,111.475000,Air
1941,8.000000,111.591667,Air
1942,8.000000,111.708333,Air
1943,8.000000,111.825000,Air
1944,8.000000,111.941667,Air
1945,8.000000,112.058333,Air
1946,8.000000,112.175000,Air
1947,8.000000,112.291667,Air
1948,8.000000,112.408333,Air
1949,8.000000,112.525000,Air
1950,8.000000,112.641667,Air
1951,8.000000,112.758333,Air
1952,8.000000,112.875000,Ground
1953,8.166667,112.994444,Ground
1954,8.166667,113.113889,Air
1955,8.166667,113.233333,Air
1956,8.166667,113.352778,Air
1957,8.166667,113.472222,Air
1958,8.166667,113.591667,Air
1959,8.166667,113.711111,Air
1960,8.166667,113.830556,Air
1961,8.166667,113.950000,Air
1962,8.166667,114.069444,Air
1963,8.166667,114.188889,Air
1964,8.166667,114.308333,Air
1965,8.166667,114.427778,Air
1966,8.166667,114.547222,Air
1967,8.166667,114.666667,Air
1968,8.166667,114.786111,Air
1969,8.166667,114.905556,Air
1970,8.166667,115.025000,Air
1971,8.166667,115.144444,Air
1972,8.166667,115.263889,Air
1973,8.166667,115.383333,Air
1974,8.166667,115.502778,Air
1975,8.166667,115.622222,Air
1976,8.166667,115.741667,Air
1977,8.166667,115.861111,Air
1978,8.166667,115.980556,Air
1979,8.166667,116.100000,Air
1980,8.166667,116.219444,Air
1981,8.166667,116.338889,Air
1982,8.166667,116.458333,Air
1983,8.166667,116.577778,Air
1984,8.166667,116.697222,Air
1985,8.166667,116.816667,Air
1986,8.166667,116.936111,Air
1987,8.166667,117.055556,Air
1988,8.166667,117.175000,Air
1989,8.166667,117.294444,Air
1990,8.166667,117.413889,Air
1991,8.166667,117.533333,Air
1992,8.166667,117.652778,Air
1993,8.166667,117.772222,Air
1994,8.166667,117.891667,Air
1995,8.166667,118.011111,Air
1996,8.166667,118.130556,Air
1997,8.166667,118.250000,Ground
1998,8.333333,118.372222,Ground
1999,8.333333,118.494444,Air
2000,8.333333,118.616667,Air
2001,8.333333,118.738889,Air
2002,8.333333,118.861111,Air
2003,8.333333,118.983333,Air
2004,8.333333,119.105556,Air
2005,8.333333,119.227778,Air
2006,8.333333,119.350000,Air
2007,8.333333,119.472222,Air
2008,8.333333,119.594444,Air
2009,8.333333,119.716667,Air
2010,8.333333,119.838889,Air
2011,8.333333,119.961111,Air
2012,8.333333,120.083333,Air
2013,8.333333,120.205556,Air
2014,8.333333,120.327778,Air
2015,8.333333,120.450000,Air
2016,8.333333,120.572222,Air
2017,8.333333,120.694444,Air
2018,8.333333,120.816667,Air
2019,8.333333,120.938889,Air
2020,8.333333,121.061111,Air
2021,8.333333,121.183333,Air
2022,8.333333,121.305556,Air
2023,8.333333,121.427778,Air
2024,8.333333,121.550000,Air
2025,8.333333,121.672222,Air
2026,8.333333,121.794444,Air
2027,8.333333,121.916667,Air
2028,8.333333,122.038889,Air
2029,8.333333,122.161111,Air
2030,8.333333,122.283333,Air
2031,8.333333,122.405556,Air
2032,8.333333,122.527778,Air
2033,8.333333,122.650000,Air
2034,8.333333,122.772222,Air
2035,8.333333,122.894444,Air
2036,8.333333,123.016667,Air
2037,8.333333,123.138889,Air
2038,8.333333,123.261111,Air
2039,8.333333,123.383333,Air
2040,8.333333,123.505556,Air
2041,8.333333,123.627778,Air
2042,8.333333,123.750000,Ground
2043,8.500000,123.875000,Ground
2044,8.500000,124.000000,Air
2045,8.500000,124.125000,Air
2046,8.500000,124.250000,Air
2047,8.500000,124.375000,Air
2048,8.500000,124.500000,Air
2049,8.500000,124.625000,Air
2050,8.500000,124.750000,Air
2051,8.500000,124.875000,Air
2052,8.500000,125.000000,Air
2053,8.500000,125.125000,Air
2054,8.500000,125.250000,Air
2055,8.500000,125.375000,Air
2056,8.500000,125.500000,Air
2057,8.500000,125.625000,Air
2058,8.500000,125.750000,Air
2059,8.500000,125.875000,Air
2060,8.500000,126.000000,Air
2061,8.500000,126.125000,Air
2062,8.500000,126.250000,Air
2063,8.500000,126.375000,Air
2064,8.500000,126.500000,Air
2065,8.500000,126.625000,Air
2066,8.500000,126.750000,Air
2067,8.500000,126.875000,Air
2068,8.500000,127.000000,Air
2069,8.500000,127.125000,Air
2070,8.500000,127.250000,Air
2071,8.500000,127.375000,Air
2072,8.500000,127.500000,Air
2073,8.500000,127.625000,Air
2074,8.500000,127.750000,Air
2075,8.500000,127.875000,Air
2076,8.500000,128.000000,Air
2077,8.500000,128.125000,Air
2078,8.500000,128.250000,Air
2079,8.500000,128.375000,Air
2080,8.500000,128.500000,Air
2081,8.500000,128.625000,Air
2082,8.500000,128.750000,Air
2083,8.500000,128.875000,Air
2084,8.500000,129.000000,Air
2085,8.500000,129.125000,Air
2086,8.500000,129.250000,Air
2087,8.500000,129.375000,Ground
2088,8.666667,129.502778,Ground
2089,8.666667,129.630556,Air
2090,8.666667,129.758333,Air
2091,8.666667,129.886111,Air
2092,8.666667,130.013889,Air
2093,8.666667,130.141667,Air
2094,8.666667,130.269444,Air
2095,8.666667,130.397222,Air
2096,8.666667,130.525000,Air
2097,8.666667,130.652778,Air
2098,8.666667,130.780556,Air
2099,8.666667,130.908333,Air
2100,8.666667,131.036111,Air
2101,8.666667,131.163889,Air
2102,8.666667,131.291667,Air
2103,8.666667,131.419444,Air
2104,8.666667,131.547222,Air
2105,8.666667,131.675000,Air
2106,8.666667,131.802778,Air
2107,8.666667,131.930556,Air
2108,8.666667,132.058333,Air
2109,8.666667,132.186111,Air
2110,8.666667,132.313889,Air
2111,8.666667,132.441667,Air
2112,8.666667,132.569444,Air
2113,8.666667,132.697222,Air
2114,8.666667,132.825000,Air
2115,8.666667,132.952778,Air
2116,8.666667,133.080556,Air
2117,8.666667,133.208333,Air
2118,8.666667,133.336111,Air
2119,8.666667,133.463889,Air
2120,8.666667,133.591667,Air
2121,8.666667,133.719444,Air
2122,8.666667,133.847222,Air
2123,8.666667,133.975000,Air
2124,8.666667,134.102778,Air
2125,8.666667,134.230556,Air
2126,8.666667,134.358333,Air
2127,8.666667,134.486111,Air
2128,8.666667,134.613889,Air
2129,8.666667,134.741667,Air
2130,8.666667,134.869444,Air
2131,8.666667,134.997222,Air
2132,8.666667,135.125000,Ground
2133,8.833333,135.255556,Ground
2134,8.833333,135.386111,Air
2135,8.833333,135.516667,Air
2136,8.833333,135.647222,Air
2137,8.833333,135.777778,Air
2138,8.833333,135.908333,Air
2139,8.833333,136.038889,Air
2140,8.833333,136.169444,Air
2141,8.833333,136.300000,Air
2142,8.833333,136.430556,Air
2143,8.833333,136.561111,Air
2144,8.833333,136.691667,Air
2145,8.833333,136.822222,Air
2146,8.833333,136.952778,Air
2147,8.833333,137.083333,Air
2148,8.833333,137.213889,Air
2149,8.833333,137.344444,Air
2150,8.833333,137.475000,Air
2151,8.833333,137.605556,Air
2152,8.833333,137.736111,Air
2153,8.833333,137.866667,Air
2154,8.833333,137.997222,Air
2155,8.833333,138.127778,Air
2156,8.833333,138.258333,Air
2157,8.833333,138.388889,Air
2158,8.833333,138.519444,Air
2159,8.833333,138.650000,Air
2160,8.833333,138.780556,Air
2161,8.833333,138.911111,Air
2162,8.833333,139.041667,Air
2163,8.833333,139.172222,Air
2164,8.833333,139.302778,Air
2165,8.833333,139.433333,Air
2166,8.833333,139.563889,Air
2167,8.833333,139.694444,Air
2168,8.833333,139.825000,Air
2169,8.833333,139.955556,Air
2170,8.833333,140.086111,Air
2171,8.833333,140.216667,Air
2172,8.833333,140.347222,Air
2173,8.833333,140.477778,Air
2174,8.833333,140.608333,Air
2175,8.833333,140.738889,Air
2176,8.833333,140.869444,Air
2177,8.833333,141.000000,Ground
2178,9.000000,141.133333,Ground
2179,9.000000,141.266667,Air
2180,9.000000,141.400000,Air
2181,9.000000,141.533333,Air
2182,9.000000,141.666667,Air
2183,9.000000,141.800000,Air
2184,9.000000,141.933333,Air
2185,9.000000,142.066667,Air
2186,9.000000,142.200000,Air
2187,9.000000,142.333333,Air
2188,9.000000,142.466667,Air
2189,9.000000,142.600000,Air
2190,9.000000,142.733333,Air
2191,9.000000,142.866667,Air
2192,9.000000,143.000000,Air
2193,9.000000,143.133333,Air
2194,9.000000,143.266667,Air
2195,9.000000,143.400000,Air
2196,9.000000,143.533333,Air
2197,9.000000,143.666667,Air
2198,9.000000,143.800000,Air
2199,9.000000,143.933333,Air
2200,9.000000,144.066667,Air
2201,9.000000,144.200000,Air
2202,9.000000,144.333333,Air
2203,9.000000,144.466667,Air
2204,9.000000,144.600000,Air
2205,9.000000,144.733333,Air
2206,9.000000,144.866667,Air
2207,9.000000,145.000000,Air
2208,9.000000,145.133333,Air
2209,9.000000,145.266667,Air
2210,9.000000,145.400000,Air
2211,9.000000,145.533333,Air
2212,9.000000,145.666667,Air
2213,9.000000,145.800000,Air
2214,9.000000,145.933333,Air
2215,9.000000,146.066667,Air
2216,9.000000,146.200000,Air
2217,9.000000,146.333333,Air
2218,9.000000,146.466667,Air
2219,9.000000,146.600000,Air
2220,9.000000,146.733333,Air
2221,9.000000,146.866667,Air
2222,9.000000,147.000000,Ground
2223,9.166667,147.136111,Ground
2224,9.166667,147.272222,Air
